datetime_ist,open,high,low,close
2026-03-24 10:04:00+05:30,22702.94921875,22702.94921875,22702.94921875,22702.94921875
2026-03-24 10:05:00+05:30,22714.75,22714.75,22714.75,22714.75
2026-03-24 10:06:00+05:30,22707.25,22707.25,22707.25,22707.25
2026-03-24 10:07:00+05:30,22697.0,22697.0,22697.0,22697.0
2026-03-24 10:08:00+05:30,22689.349609375,22689.349609375,22689.349609375,22689.349609375
2026-03-24 10:09:00+05:30,22684.69921875,22684.69921875,22684.69921875,22684.69921875
2026-03-24 10:10:00+05:30,22684.5,22694.19921875,22682.30078125,22692.650390625
2026-03-24 10:12:00+05:30,22686.650390625,22686.650390625,22686.650390625,22686.650390625
2026-03-24 10:13:00+05:30,22688.849609375,22688.849609375,22688.849609375,22688.849609375
2026-03-24 10:14:00+05:30,22711.5,22711.5,22711.5,22711.5
2026-03-24 10:15:00+05:30,22704.0,22704.0,22704.0,22704.0
2026-03-24 10:16:00+05:30,22718.94921875,22718.94921875,22718.94921875,22718.94921875
2026-03-24 10:17:00+05:30,22730.30078125,22730.30078125,22730.30078125,22730.30078125
2026-03-24 10:18:00+05:30,22743.94921875,22743.94921875,22743.94921875,22743.94921875
2026-03-24 10:19:00+05:30,22739.650390625,22739.650390625,22739.650390625,22739.650390625
2026-03-24 10:20:00+05:30,22733.099609375,22733.099609375,22733.099609375,22733.099609375
2026-03-24 10:21:00+05:30,22714.349609375,22714.349609375,22714.349609375,22714.349609375
2026-03-24 10:22:00+05:30,22739.30078125,22739.30078125,22739.30078125,22739.30078125
2026-03-24 10:23:00+05:30,22753.94921875,22753.94921875,22753.94921875,22753.94921875
2026-03-24 10:24:00+05:30,22762.94921875,22762.94921875,22762.94921875,22762.94921875
2026-03-24 10:25:00+05:30,22757.80078125,22757.80078125,22757.80078125,22757.80078125
2026-03-24 10:26:00+05:30,22759.55078125,22759.55078125,22759.55078125,22759.55078125
2026-03-24 10:27:00+05:30,22734.0,22734.0,22734.0,22734.0
2026-03-24 10:28:00+05:30,22730.650390625,22730.650390625,22730.650390625,22730.650390625
2026-03-24 10:29:00+05:30,22735.30078125,22735.30078125,22735.30078125,22735.30078125
2026-03-24 10:30:00+05:30,22733.75,22733.75,22733.75,22733.75
2026-03-24 10:31:00+05:30,22720.099609375,22720.099609375,22720.099609375,22720.099609375
2026-03-24 10:32:00+05:30,22705.599609375,22705.599609375,22705.599609375,22705.599609375
2026-03-24 10:33:00+05:30,22697.19921875,22697.19921875,22697.19921875,22697.19921875
2026-03-24 10:34:00+05:30,22672.599609375,22672.599609375,22672.599609375,22672.599609375
2026-03-24 10:35:00+05:30,22661.5,22661.5,22661.5,22661.5
2026-03-24 10:36:00+05:30,22653.150390625,22653.150390625,22653.150390625,22653.150390625
2026-03-24 10:37:00+05:30,22636.0,22636.0,22636.0,22636.0
2026-03-24 10:38:00+05:30,22637.400390625,22637.400390625,22637.400390625,22637.400390625
2026-03-24 10:39:00+05:30,22633.599609375,22633.599609375,22633.599609375,22633.599609375
2026-03-24 10:40:00+05:30,22631.849609375,22631.849609375,22631.849609375,22631.849609375
2026-03-24 10:41:00+05:30,22650.400390625,22650.400390625,22650.400390625,22650.400390625
2026-03-24 10:42:00+05:30,22663.94921875,22663.94921875,22663.94921875,22663.94921875
2026-03-24 10:43:00+05:30,22675.0,22675.0,22675.0,22675.0
2026-03-24 10:44:00+05:30,22668.30078125,22668.30078125,22668.30078125,22668.30078125
2026-03-24 10:45:00+05:30,22666.400390625,22666.400390625,22666.400390625,22666.400390625
2026-03-24 10:46:00+05:30,22663.80078125,22663.80078125,22663.80078125,22663.80078125
2026-03-24 10:47:00+05:30,22664.400390625,22677.05078125,22660.5,22674.150390625
2026-03-24 10:48:00+05:30,22674.05078125,22721.25,22670.599609375,22721.25
2026-03-24 10:50:00+05:30,22693.349609375,22693.349609375,22693.349609375,22693.349609375
2026-03-24 10:51:00+05:30,22705.44921875,22705.44921875,22705.44921875,22705.44921875
2026-03-24 10:52:00+05:30,22681.099609375,22681.099609375,22681.099609375,22681.099609375
2026-03-24 10:53:00+05:30,22658.900390625,22658.900390625,22658.900390625,22658.900390625
2026-03-24 10:54:00+05:30,22665.650390625,22665.650390625,22665.650390625,22665.650390625
2026-03-24 10:55:00+05:30,22670.150390625,22670.150390625,22670.150390625,22670.150390625
2026-03-24 10:56:00+05:30,22666.05078125,22666.05078125,22666.05078125,22666.05078125
2026-03-24 10:57:00+05:30,22661.849609375,22661.849609375,22661.849609375,22661.849609375
2026-03-24 10:58:00+05:30,22651.099609375,22651.099609375,22651.099609375,22651.099609375
2026-03-24 10:59:00+05:30,22638.150390625,22638.150390625,22638.150390625,22638.150390625
2026-03-24 11:00:00+05:30,22653.900390625,22653.900390625,22653.900390625,22653.900390625
2026-03-24 11:01:00+05:30,22659.599609375,22659.599609375,22659.599609375,22659.599609375
2026-03-24 11:02:00+05:30,22657.69921875,22657.69921875,22657.69921875,22657.69921875
2026-03-24 11:03:00+05:30,22669.19921875,22669.19921875,22669.19921875,22669.19921875
2026-03-24 11:04:00+05:30,22677.80078125,22677.80078125,22677.80078125,22677.80078125
2026-03-24 11:05:00+05:30,22668.400390625,22668.400390625,22668.400390625,22668.400390625
2026-03-24 11:06:00+05:30,22670.5,22670.5,22670.5,22670.5
2026-03-24 11:07:00+05:30,22666.150390625,22666.150390625,22666.150390625,22666.150390625
2026-03-24 11:08:00+05:30,22688.94921875,22688.94921875,22688.94921875,22688.94921875
2026-03-24 11:09:00+05:30,22681.150390625,22681.150390625,22681.150390625,22681.150390625
2026-03-24 11:10:00+05:30,22696.30078125,22696.30078125,22696.30078125,22696.30078125
2026-03-24 11:11:00+05:30,22699.55078125,22699.55078125,22699.55078125,22699.55078125
2026-03-24 11:12:00+05:30,22700.05078125,22700.05078125,22700.05078125,22700.05078125
2026-03-24 11:13:00+05:30,22699.94921875,22699.94921875,22699.94921875,22699.94921875
2026-03-24 11:14:00+05:30,22684.69921875,22684.69921875,22684.69921875,22684.69921875
2026-03-24 11:15:00+05:30,22704.099609375,22704.099609375,22704.099609375,22704.099609375
2026-03-24 11:16:00+05:30,22711.099609375,22711.099609375,22711.099609375,22711.099609375
2026-03-24 11:17:00+05:30,22714.19921875,22714.19921875,22714.19921875,22714.19921875
2026-03-24 11:18:00+05:30,22716.400390625,22716.400390625,22716.400390625,22716.400390625
2026-03-24 11:19:00+05:30,22727.19921875,22727.19921875,22727.19921875,22727.19921875
2026-03-24 11:20:00+05:30,22746.0,22746.0,22746.0,22746.0
2026-03-24 11:21:00+05:30,22723.69921875,22723.69921875,22723.69921875,22723.69921875
2026-03-24 11:22:00+05:30,22727.94921875,22727.94921875,22727.94921875,22727.94921875
2026-03-24 11:23:00+05:30,22715.400390625,22715.400390625,22715.400390625,22715.400390625
2026-03-24 11:24:00+05:30,22702.400390625,22702.400390625,22702.400390625,22702.400390625
2026-03-24 11:25:00+05:30,22703.25,22714.05078125,22689.55078125,22714.05078125
2026-03-24 11:27:00+05:30,22723.19921875,22723.19921875,22723.19921875,22723.19921875
2026-03-24 11:28:00+05:30,22725.55078125,22725.55078125,22725.55078125,22725.55078125
2026-03-24 11:29:00+05:30,22724.80078125,22724.80078125,22724.80078125,22724.80078125
2026-03-24 11:30:00+05:30,22744.55078125,22744.55078125,22744.55078125,22744.55078125
2026-03-24 11:31:00+05:30,22732.44921875,22732.44921875,22732.44921875,22732.44921875
2026-03-24 11:32:00+05:30,22731.69921875,22731.69921875,22731.69921875,22731.69921875
2026-03-24 11:33:00+05:30,22736.55078125,22736.55078125,22736.55078125,22736.55078125
2026-03-24 11:34:00+05:30,22735.400390625,22735.400390625,22735.400390625,22735.400390625
2026-03-24 11:35:00+05:30,22758.599609375,22758.599609375,22758.599609375,22758.599609375
2026-03-24 11:36:00+05:30,22756.400390625,22756.400390625,22756.400390625,22756.400390625
2026-03-24 11:37:00+05:30,22764.349609375,22764.349609375,22764.349609375,22764.349609375
2026-03-24 11:38:00+05:30,22759.44921875,22759.44921875,22759.44921875,22759.44921875
2026-03-24 11:39:00+05:30,22758.849609375,22758.849609375,22758.849609375,22758.849609375
2026-03-24 11:40:00+05:30,22765.25,22765.25,22765.25,22765.25
2026-03-24 11:41:00+05:30,22748.75,22748.75,22748.75,22748.75
2026-03-24 11:42:00+05:30,22742.55078125,22742.55078125,22742.55078125,22742.55078125
2026-03-24 11:43:00+05:30,22750.75,22750.75,22750.75,22750.75
2026-03-24 11:44:00+05:30,22752.19921875,22752.19921875,22752.19921875,22752.19921875
2026-03-24 11:45:00+05:30,22749.0,22749.0,22749.0,22749.0
2026-03-24 11:46:00+05:30,22768.0,22768.0,22768.0,22768.0
2026-03-24 11:47:00+05:30,22772.650390625,22772.650390625,22772.650390625,22772.650390625
2026-03-24 11:48:00+05:30,22771.0,22771.0,22771.0,22771.0
2026-03-24 11:49:00+05:30,22768.150390625,22768.150390625,22768.150390625,22768.150390625
2026-03-24 11:50:00+05:30,22760.400390625,22760.400390625,22760.400390625,22760.400390625
2026-03-24 11:51:00+05:30,22768.94921875,22768.94921875,22768.94921875,22768.94921875
2026-03-24 11:52:00+05:30,22786.55078125,22786.55078125,22786.55078125,22786.55078125
2026-03-24 11:53:00+05:30,22791.25,22791.25,22791.25,22791.25
2026-03-24 11:54:00+05:30,22789.25,22789.25,22789.25,22789.25
2026-03-24 11:55:00+05:30,22794.599609375,22794.599609375,22794.599609375,22794.599609375
2026-03-24 11:56:00+05:30,22820.099609375,22820.099609375,22820.099609375,22820.099609375
2026-03-24 11:57:00+05:30,22819.5,22819.5,22819.5,22819.5
2026-03-24 11:58:00+05:30,22811.849609375,22811.849609375,22811.849609375,22811.849609375
2026-03-24 11:59:00+05:30,22808.25,22808.25,22808.25,22808.25
2026-03-24 12:00:00+05:30,22812.25,22812.25,22812.25,22812.25
2026-03-24 12:01:00+05:30,22803.75,22803.75,22803.75,22803.75
2026-03-24 12:02:00+05:30,22802.94921875,22804.0,22793.900390625,22802.05078125
2026-03-24 12:04:00+05:30,22797.94921875,22797.94921875,22797.94921875,22797.94921875
2026-03-24 12:05:00+05:30,22794.19921875,22794.19921875,22794.19921875,22794.19921875
2026-03-24 12:06:00+05:30,22769.30078125,22769.30078125,22769.30078125,22769.30078125
2026-03-24 12:07:00+05:30,22768.099609375,22768.099609375,22768.099609375,22768.099609375
2026-03-24 12:08:00+05:30,22769.94921875,22769.94921875,22769.94921875,22769.94921875
2026-03-24 12:09:00+05:30,22773.849609375,22773.849609375,22773.849609375,22773.849609375
2026-03-24 12:10:00+05:30,22765.44921875,22765.44921875,22765.44921875,22765.44921875
2026-03-24 12:11:00+05:30,22779.400390625,22779.400390625,22779.400390625,22779.400390625
2026-03-24 12:12:00+05:30,22776.599609375,22776.599609375,22776.599609375,22776.599609375
2026-03-24 12:13:00+05:30,22767.150390625,22767.150390625,22767.150390625,22767.150390625
2026-03-24 12:14:00+05:30,22760.5,22760.5,22760.5,22760.5
2026-03-24 12:15:00+05:30,22770.400390625,22770.400390625,22770.400390625,22770.400390625
2026-03-24 12:16:00+05:30,22765.05078125,22765.05078125,22765.05078125,22765.05078125
2026-03-24 12:17:00+05:30,22763.05078125,22763.05078125,22763.05078125,22763.05078125
2026-03-24 12:18:00+05:30,22754.44921875,22754.44921875,22754.44921875,22754.44921875
2026-03-24 12:19:00+05:30,22759.400390625,22759.400390625,22759.400390625,22759.400390625
2026-03-24 12:20:00+05:30,22762.5,22762.5,22762.5,22762.5
2026-03-24 12:21:00+05:30,22758.349609375,22758.349609375,22758.349609375,22758.349609375
2026-03-24 12:22:00+05:30,22805.75,22805.75,22805.75,22805.75
2026-03-24 12:23:00+05:30,22815.900390625,22815.900390625,22815.900390625,22815.900390625
2026-03-24 12:24:00+05:30,22846.0,22846.0,22846.0,22846.0
2026-03-24 12:25:00+05:30,22891.69921875,22891.69921875,22891.69921875,22891.69921875
2026-03-24 12:26:00+05:30,22917.75,22917.75,22917.75,22917.75
2026-03-24 12:27:00+05:30,22894.5,22894.5,22894.5,22894.5
2026-03-24 12:28:00+05:30,22870.150390625,22870.150390625,22870.150390625,22870.150390625
2026-03-24 12:29:00+05:30,22847.75,22847.75,22847.75,22847.75
2026-03-24 12:30:00+05:30,22853.5,22853.5,22853.5,22853.5
2026-03-24 12:31:00+05:30,22856.44921875,22856.44921875,22856.44921875,22856.44921875
2026-03-24 12:32:00+05:30,22895.94921875,22895.94921875,22895.94921875,22895.94921875
2026-03-24 12:33:00+05:30,22909.349609375,22909.349609375,22909.349609375,22909.349609375
2026-03-24 12:34:00+05:30,22918.5,22918.5,22918.5,22918.5
2026-03-24 12:35:00+05:30,22939.69921875,22939.69921875,22939.69921875,22939.69921875
2026-03-24 12:36:00+05:30,22934.900390625,22934.900390625,22934.900390625,22934.900390625
2026-03-24 12:37:00+05:30,22932.75,22932.75,22932.75,22932.75
2026-03-24 12:38:00+05:30,22939.5,22939.5,22939.5,22939.5
2026-03-24 12:39:00+05:30,22939.94921875,22952.69921875,22934.349609375,22951.0
2026-03-24 12:41:00+05:30,22940.30078125,22940.30078125,22940.30078125,22940.30078125
2026-03-24 12:42:00+05:30,22951.44921875,22951.44921875,22951.44921875,22951.44921875
2026-03-24 12:43:00+05:30,22981.150390625,22981.150390625,22981.150390625,22981.150390625
2026-03-24 12:44:00+05:30,22970.5,22970.5,22970.5,22970.5
2026-03-24 12:45:00+05:30,22960.900390625,22960.900390625,22960.900390625,22960.900390625
2026-03-24 12:46:00+05:30,22970.0,22970.0,22970.0,22970.0
2026-03-24 12:47:00+05:30,22974.400390625,22974.400390625,22974.400390625,22974.400390625
2026-03-24 12:48:00+05:30,22976.150390625,22976.150390625,22976.150390625,22976.150390625
2026-03-24 12:49:00+05:30,22981.400390625,22981.400390625,22981.400390625,22981.400390625
2026-03-24 12:50:00+05:30,22993.80078125,22993.80078125,22993.80078125,22993.80078125
2026-03-24 12:51:00+05:30,22983.55078125,22983.55078125,22983.55078125,22983.55078125
2026-03-24 12:52:00+05:30,23003.099609375,23003.099609375,23003.099609375,23003.099609375
2026-03-24 12:53:00+05:30,23014.30078125,23014.30078125,23014.30078125,23014.30078125
2026-03-24 12:54:00+05:30,23012.400390625,23012.400390625,23012.400390625,23012.400390625
2026-03-24 12:55:00+05:30,23005.55078125,23005.55078125,23005.55078125,23005.55078125
2026-03-24 12:56:00+05:30,22969.55078125,22969.55078125,22969.55078125,22969.55078125
2026-03-24 12:57:00+05:30,22959.900390625,22959.900390625,22959.900390625,22959.900390625
2026-03-24 12:58:00+05:30,22969.55078125,22969.55078125,22969.55078125,22969.55078125
2026-03-24 12:59:00+05:30,22974.55078125,22974.55078125,22974.55078125,22974.55078125
2026-03-24 13:00:00+05:30,22979.099609375,22979.099609375,22979.099609375,22979.099609375
2026-03-24 13:01:00+05:30,22976.5,22976.5,22976.5,22976.5
2026-03-24 13:02:00+05:30,22957.30078125,22957.30078125,22957.30078125,22957.30078125
2026-03-24 13:03:00+05:30,22943.75,22943.75,22943.75,22943.75
2026-03-24 13:04:00+05:30,22944.400390625,22944.400390625,22944.400390625,22944.400390625
2026-03-24 13:05:00+05:30,22936.55078125,22936.55078125,22936.55078125,22936.55078125
2026-03-24 13:06:00+05:30,22919.30078125,22919.30078125,22919.30078125,22919.30078125
2026-03-24 13:07:00+05:30,22940.599609375,22940.599609375,22940.599609375,22940.599609375
2026-03-24 13:08:00+05:30,22947.349609375,22947.349609375,22947.349609375,22947.349609375
2026-03-24 13:09:00+05:30,22943.55078125,22943.55078125,22943.55078125,22943.55078125
2026-03-24 13:10:00+05:30,22943.05078125,22943.05078125,22943.05078125,22943.05078125
2026-03-24 13:11:00+05:30,22969.5,22969.5,22969.5,22969.5
2026-03-24 13:12:00+05:30,22962.099609375,22962.099609375,22962.099609375,22962.099609375
2026-03-24 13:13:00+05:30,22974.900390625,22974.900390625,22974.900390625,22974.900390625
2026-03-24 13:14:00+05:30,22988.0,22988.0,22988.0,22988.0
2026-03-24 13:15:00+05:30,22963.80078125,22963.80078125,22963.80078125,22963.80078125
2026-03-24 13:16:00+05:30,22973.55078125,22973.55078125,22973.55078125,22973.55078125
2026-03-24 13:17:00+05:30,22973.5,22984.25,22970.25,22982.349609375
2026-03-24 13:19:00+05:30,22984.0,22984.0,22984.0,22984.0
2026-03-24 13:20:00+05:30,22976.900390625,22976.900390625,22976.900390625,22976.900390625
2026-03-24 13:21:00+05:30,22989.099609375,22989.099609375,22989.099609375,22989.099609375
2026-03-24 13:22:00+05:30,23000.05078125,23000.05078125,23000.05078125,23000.05078125
2026-03-24 13:23:00+05:30,23009.849609375,23009.849609375,23009.849609375,23009.849609375
2026-03-24 13:24:00+05:30,23009.349609375,23009.349609375,23009.349609375,23009.349609375
2026-03-24 13:25:00+05:30,22987.94921875,22987.94921875,22987.94921875,22987.94921875
2026-03-24 13:26:00+05:30,23001.30078125,23001.30078125,23001.30078125,23001.30078125
2026-03-24 13:27:00+05:30,23016.30078125,23016.30078125,23016.30078125,23016.30078125
2026-03-24 13:28:00+05:30,23013.30078125,23013.30078125,23013.30078125,23013.30078125
2026-03-24 13:29:00+05:30,23014.099609375,23014.099609375,23014.099609375,23014.099609375
2026-03-24 13:30:00+05:30,23003.25,23003.25,23003.25,23003.25
2026-03-24 13:31:00+05:30,23026.650390625,23026.650390625,23026.650390625,23026.650390625
2026-03-24 13:32:00+05:30,23029.94921875,23029.94921875,23029.94921875,23029.94921875
2026-03-24 13:33:00+05:30,23031.55078125,23031.55078125,23031.55078125,23031.55078125
2026-03-24 13:34:00+05:30,23035.44921875,23035.44921875,23035.44921875,23035.44921875
2026-03-24 13:35:00+05:30,23035.44921875,23035.44921875,23035.44921875,23035.44921875
2026-03-24 13:36:00+05:30,23051.599609375,23051.599609375,23051.599609375,23051.599609375
2026-03-24 13:37:00+05:30,23053.900390625,23053.900390625,23053.900390625,23053.900390625
2026-03-24 13:38:00+05:30,23033.0,23033.0,23033.0,23033.0
2026-03-24 13:39:00+05:30,23029.849609375,23029.849609375,23029.849609375,23029.849609375
2026-03-24 13:40:00+05:30,23038.05078125,23038.05078125,23038.05078125,23038.05078125
2026-03-24 13:41:00+05:30,23031.69921875,23031.69921875,23031.69921875,23031.69921875
2026-03-24 13:42:00+05:30,23043.650390625,23043.650390625,23043.650390625,23043.650390625
2026-03-24 13:43:00+05:30,23042.44921875,23042.44921875,23042.44921875,23042.44921875
2026-03-24 13:44:00+05:30,23036.349609375,23036.349609375,23036.349609375,23036.349609375
2026-03-24 13:45:00+05:30,23031.94921875,23031.94921875,23031.94921875,23031.94921875
2026-03-24 13:46:00+05:30,23041.44921875,23041.44921875,23041.44921875,23041.44921875
2026-03-24 13:47:00+05:30,23020.5,23020.5,23020.5,23020.5
2026-03-24 13:48:00+05:30,22998.650390625,22998.650390625,22998.650390625,22998.650390625
2026-03-24 13:49:00+05:30,22970.150390625,22970.150390625,22970.150390625,22970.150390625
2026-03-24 13:50:00+05:30,22975.599609375,22975.599609375,22975.599609375,22975.599609375
2026-03-24 13:51:00+05:30,22957.30078125,22957.30078125,22957.30078125,22957.30078125
2026-03-24 13:52:00+05:30,22977.099609375,22977.099609375,22977.099609375,22977.099609375
2026-03-24 13:53:00+05:30,22991.44921875,22991.44921875,22991.44921875,22991.44921875
2026-03-24 13:54:00+05:30,22973.25,22973.25,22973.25,22973.25
2026-03-24 13:55:00+05:30,22975.400390625,22975.400390625,22975.400390625,22975.400390625
2026-03-24 13:56:00+05:30,22975.30078125,22996.55078125,22974.30078125,22982.150390625
2026-03-24 13:58:00+05:30,22992.900390625,22992.900390625,22992.900390625,22992.900390625
2026-03-24 13:59:00+05:30,22983.75,22983.75,22983.75,22983.75
2026-03-24 14:00:00+05:30,22973.44921875,22973.44921875,22973.44921875,22973.44921875
2026-03-24 14:01:00+05:30,22977.900390625,22977.900390625,22977.900390625,22977.900390625
2026-03-24 14:02:00+05:30,22989.94921875,22989.94921875,22989.94921875,22989.94921875
2026-03-24 14:03:00+05:30,22983.30078125,22983.30078125,22983.30078125,22983.30078125
2026-03-24 14:04:00+05:30,22975.55078125,22975.55078125,22975.55078125,22975.55078125
2026-03-24 14:05:00+05:30,22976.05078125,22976.05078125,22976.05078125,22976.05078125
2026-03-24 14:06:00+05:30,22986.94921875,22986.94921875,22986.94921875,22986.94921875
2026-03-24 14:07:00+05:30,22986.150390625,22986.150390625,22986.150390625,22986.150390625
2026-03-24 14:08:00+05:30,22987.19921875,22987.19921875,22987.19921875,22987.19921875
2026-03-24 14:09:00+05:30,22965.349609375,22965.349609375,22965.349609375,22965.349609375
2026-03-24 14:10:00+05:30,22975.69921875,22975.69921875,22975.69921875,22975.69921875
2026-03-24 14:11:00+05:30,22990.94921875,22990.94921875,22990.94921875,22990.94921875
2026-03-24 14:12:00+05:30,22975.55078125,22975.55078125,22975.55078125,22975.55078125
2026-03-24 14:13:00+05:30,22975.599609375,22975.599609375,22975.599609375,22975.599609375
2026-03-24 14:14:00+05:30,22989.19921875,22989.19921875,22989.19921875,22989.19921875
2026-03-24 14:15:00+05:30,23004.349609375,23004.349609375,23004.349609375,23004.349609375
2026-03-24 14:16:00+05:30,23013.25,23013.25,23013.25,23013.25
2026-03-24 14:17:00+05:30,23010.900390625,23010.900390625,23010.900390625,23010.900390625
2026-03-24 14:18:00+05:30,23013.349609375,23013.349609375,23013.349609375,23013.349609375
2026-03-24 14:19:00+05:30,22983.599609375,22983.599609375,22983.599609375,22983.599609375
2026-03-24 14:20:00+05:30,22989.0,22989.0,22989.0,22989.0
2026-03-24 14:21:00+05:30,22939.69921875,22939.69921875,22939.69921875,22939.69921875
2026-03-24 14:22:00+05:30,22947.650390625,22947.650390625,22947.650390625,22947.650390625
2026-03-24 14:23:00+05:30,22965.05078125,22965.05078125,22965.05078125,22965.05078125
2026-03-24 14:24:00+05:30,22960.0,22960.0,22960.0,22960.0
2026-03-24 14:25:00+05:30,22960.55078125,22960.55078125,22960.55078125,22960.55078125
2026-03-24 14:26:00+05:30,22933.94921875,22933.94921875,22933.94921875,22933.94921875
2026-03-24 14:27:00+05:30,22935.05078125,22935.05078125,22935.05078125,22935.05078125
2026-03-24 14:28:00+05:30,22950.400390625,22950.400390625,22950.400390625,22950.400390625
2026-03-24 14:29:00+05:30,22950.150390625,22950.150390625,22950.150390625,22950.150390625
2026-03-24 14:30:00+05:30,22933.30078125,22933.30078125,22933.30078125,22933.30078125
2026-03-24 14:31:00+05:30,22939.900390625,22939.900390625,22939.900390625,22939.900390625
2026-03-24 14:32:00+05:30,22953.55078125,22953.55078125,22953.55078125,22953.55078125
2026-03-24 14:33:00+05:30,22943.5,22943.5,22943.5,22943.5
2026-03-24 14:34:00+05:30,22947.5,22947.5,22947.5,22947.5
2026-03-24 14:35:00+05:30,22947.05078125,22947.05078125,22947.05078125,22947.05078125
2026-03-24 14:36:00+05:30,22933.900390625,22933.900390625,22933.900390625,22933.900390625
2026-03-24 14:37:00+05:30,22934.19921875,22942.05078125,22893.69921875,22895.400390625
2026-03-24 14:39:00+05:30,22898.19921875,22898.19921875,22898.19921875,22898.19921875
2026-03-24 14:40:00+05:30,22897.150390625,22897.150390625,22897.150390625,22897.150390625
2026-03-24 14:41:00+05:30,22897.849609375,22897.849609375,22897.849609375,22897.849609375
2026-03-24 14:42:00+05:30,22900.599609375,22900.599609375,22900.599609375,22900.599609375
2026-03-24 14:43:00+05:30,22909.30078125,22909.30078125,22909.30078125,22909.30078125
2026-03-24 14:44:00+05:30,22911.650390625,22911.650390625,22911.650390625,22911.650390625
2026-03-24 14:45:00+05:30,22913.5,22913.5,22913.5,22913.5
2026-03-24 14:46:00+05:30,22911.0,22911.0,22911.0,22911.0
2026-03-24 14:47:00+05:30,22911.69921875,22911.69921875,22911.69921875,22911.69921875
2026-03-24 14:48:00+05:30,22913.150390625,22913.150390625,22913.150390625,22913.150390625
2026-03-24 14:49:00+05:30,22913.349609375,22913.349609375,22913.349609375,22913.349609375
2026-03-24 14:50:00+05:30,22909.900390625,22909.900390625,22909.900390625,22909.900390625
2026-03-24 14:51:00+05:30,22902.44921875,22902.44921875,22902.44921875,22902.44921875
2026-03-24 14:52:00+05:30,22906.599609375,22906.599609375,22906.599609375,22906.599609375
2026-03-24 14:53:00+05:30,22901.5,22901.5,22901.5,22901.5
2026-03-24 14:54:00+05:30,22885.5,22885.5,22885.5,22885.5
2026-03-24 14:55:00+05:30,22905.30078125,22905.30078125,22905.30078125,22905.30078125
2026-03-24 14:56:00+05:30,22901.599609375,22901.599609375,22901.599609375,22901.599609375
2026-03-24 14:57:00+05:30,22903.650390625,22903.650390625,22903.650390625,22903.650390625
2026-03-24 14:58:00+05:30,22923.94921875,22923.94921875,22923.94921875,22923.94921875
2026-03-24 14:59:00+05:30,22925.349609375,22925.349609375,22925.349609375,22925.349609375
2026-03-24 15:00:00+05:30,22883.25,22883.25,22883.25,22883.25
2026-03-24 15:01:00+05:30,22892.25,22892.25,22892.25,22892.25
2026-03-24 15:02:00+05:30,22910.30078125,22910.30078125,22910.30078125,22910.30078125
2026-03-24 15:03:00+05:30,22907.75,22907.75,22907.75,22907.75
2026-03-24 15:04:00+05:30,22916.349609375,22916.349609375,22916.349609375,22916.349609375
2026-03-24 15:05:00+05:30,22906.44921875,22906.44921875,22906.44921875,22906.44921875
2026-03-24 15:06:00+05:30,22906.849609375,22906.849609375,22906.849609375,22906.849609375
2026-03-24 15:07:00+05:30,22917.94921875,22917.94921875,22917.94921875,22917.94921875
2026-03-24 15:08:00+05:30,22917.55078125,22917.55078125,22917.55078125,22917.55078125
2026-03-24 15:09:00+05:30,22917.55078125,22917.55078125,22917.55078125,22917.55078125
2026-03-24 15:10:00+05:30,22912.44921875,22912.44921875,22912.44921875,22912.44921875
2026-03-24 15:11:00+05:30,22915.80078125,22915.80078125,22915.80078125,22915.80078125
2026-03-24 15:12:00+05:30,22901.150390625,22901.150390625,22901.150390625,22901.150390625
2026-03-24 15:13:00+05:30,22912.400390625,22912.400390625,22912.400390625,22912.400390625
2026-03-24 15:14:00+05:30,22901.25,22901.25,22901.25,22901.25
2026-03-24 15:15:00+05:30,22888.0,22888.0,22888.0,22888.0
2026-03-24 15:16:00+05:30,22882.05078125,22882.05078125,22882.05078125,22882.05078125
2026-03-24 15:17:00+05:30,22915.599609375,22915.599609375,22915.599609375,22915.599609375
2026-03-24 15:18:00+05:30,22914.900390625,22927.05078125,22907.80078125,22908.0
2026-03-24 15:20:00+05:30,22921.44921875,22921.44921875,22921.44921875,22921.44921875
2026-03-24 15:21:00+05:30,22930.400390625,22930.400390625,22930.400390625,22930.400390625
2026-03-24 15:22:00+05:30,22921.900390625,22921.900390625,22921.900390625,22921.900390625
2026-03-24 15:23:00+05:30,22922.900390625,22922.900390625,22922.900390625,22922.900390625
2026-03-24 15:24:00+05:30,22923.349609375,22923.349609375,22923.349609375,22923.349609375
2026-03-24 15:25:00+05:30,22931.650390625,22931.650390625,22931.650390625,22931.650390625
2026-03-24 15:26:00+05:30,22946.0,22946.0,22946.0,22946.0
2026-03-24 15:27:00+05:30,22949.30078125,22949.30078125,22949.30078125,22949.30078125
2026-03-24 15:28:00+05:30,22955.650390625,22955.650390625,22955.650390625,22955.650390625
2026-03-24 15:29:00+05:30,22952.599609375,22952.599609375,22952.599609375,22952.599609375
