tick_ts,bar_ts,tick_time_str,bar_time_str,symbol,year,month,date,day,hour,minute,week_of_month,open,high,low,close,volume,typical_price,vwap,price_range,return_pct,log_return,body_pct,upper_shadow,lower_shadow,hl_ratio,session_number,expiry,is_monthly_expiry,days_to_expiry,data_quality,fetch_latency_ms
2026-04-02 09:17:00.146528,2026-04-02 09:15:00,09:17,09:15,^NSEI,2026,4,2,3,9,15,1,22383.4,22383.4,22222.85,22224.2,0.0,22276.82,22276.82,160.55,-0.7112,0.0,99.16,0.0,1.35,1.007225,1,0,0,5,OK_NO_VOL,146.1
2026-04-02 09:18:00.134622,2026-04-02 09:16:00,09:18,09:16,^NSEI,2026,4,2,3,9,16,1,22227.4,22263.4,22209.5,22254.65,0.0,22242.52,22259.67,53.9,0.1226,0.001369,50.56,8.75,17.9,1.002427,1,0,0,5,OK_NO_VOL,134.1
2026-04-02 09:19:00.160154,2026-04-02 09:17:00,09:19,09:17,^NSEI,2026,4,2,3,9,17,1,22258.3,22285.0,22252.9,22265.9,0.0,22267.93,22262.42,32.1,0.0341,0.000505,23.67,19.1,5.4,1.001442,1,0,0,5,OK_NO_VOL,159.6
2026-04-02 09:20:00.103997,2026-04-02 09:18:00,09:20,09:18,^NSEI,2026,4,2,3,9,18,1,22265.25,22267.55,22247.75,22250.5,0.0,22255.27,22260.63,19.8,-0.0662,-0.000692,74.49,2.3,2.75,1.00089,1,0,0,5,OK_NO_VOL,103.5
2026-04-02 09:21:00.129030,2026-04-02 09:19:00,09:21,09:19,^NSEI,2026,4,2,3,9,19,1,22249.25,22249.25,22220.1,22228.0,0.0,22232.45,22255.0,29.15,-0.0955,-0.001012,72.9,0.0,7.9,1.001312,1,0,0,5,OK_NO_VOL,128.5
2026-04-02 09:22:00.084094,2026-04-02 09:20:00,09:22,09:20,^NSEI,2026,4,2,3,9,20,1,22226.35,22235.05,22215.6,22229.2,0.0,22226.62,22250.27,19.45,0.0128,5.4e-05,14.65,5.85,10.75,1.000876,1,0,0,5,OK_NO_VOL,83.4
2026-04-02 09:23:00.136458,2026-04-02 09:21:00,09:23,09:21,^NSEI,2026,4,2,3,9,21,1,22228.45,22230.7,22218.7,22228.2,0.0,22225.87,22246.78,12.0,-0.0011,-4.5e-05,2.08,2.25,9.5,1.00054,1,0,0,5,OK_NO_VOL,135.9
2026-04-02 09:24:00.084199,2026-04-02 09:22:00,09:24,09:22,^NSEI,2026,4,2,3,9,22,1,22229.25,22233.25,22216.0,22228.8,0.0,22226.02,22244.19,17.25,-0.002,2.7e-05,2.6,4.0,12.8,1.000776,1,0,0,5,OK_NO_VOL,83.7
2026-04-02 09:25:00.160073,2026-04-02 09:23:00,09:25,09:23,^NSEI,2026,4,2,3,9,23,1,22228.1,22255.95,22226.0,22243.05,0.0,22241.67,22243.91,29.95,0.0673,0.000641,49.92,12.9,2.1,1.001347,1,0,0,5,OK_NO_VOL,159.5
2026-04-02 09:26:00.105067,2026-04-02 09:24:00,09:26,09:24,^NSEI,2026,4,2,3,9,24,1,22241.6,22253.2,22235.6,22252.15,0.0,22246.98,22244.21,17.6,0.0474,0.000409,59.95,1.05,6.0,1.000792,1,0,0,5,OK_NO_VOL,104.6
2026-04-02 09:27:00.124248,2026-04-02 09:25:00,09:27,09:25,^NSEI,2026,4,2,3,9,25,1,22251.45,22261.6,22248.0,22258.0,0.0,22255.87,22245.27,13.6,0.0294,0.000263,48.17,3.6,3.45,1.000611,1,0,0,5,OK_NO_VOL,123.6
2026-04-02 09:28:00.115820,2026-04-02 09:26:00,09:28,09:26,^NSEI,2026,4,2,3,9,26,1,22257.85,22258.9,22236.35,22240.15,0.0,22245.13,22245.26,22.55,-0.0795,-0.000802,78.49,1.05,3.8,1.001014,1,0,0,5,OK_NO_VOL,115.4
2026-04-02 09:29:00.104535,2026-04-02 09:27:00,09:29,09:27,^NSEI,2026,4,2,3,9,27,1,22239.15,22256.7,22237.75,22251.15,0.0,22248.53,22245.51,18.95,0.054,0.000494,63.32,5.55,1.4,1.000852,1,0,0,5,OK_NO_VOL,103.8
2026-04-02 09:30:00.119280,2026-04-02 09:28:00,09:30,09:28,^NSEI,2026,4,2,3,9,28,1,22250.4,22252.05,22240.5,22240.5,0.0,22244.35,22245.43,11.55,-0.0445,-0.000479,85.72,1.65,0.0,1.000519,1,0,0,5,OK_NO_VOL,118.9
2026-04-02 09:31:00.100024,2026-04-02 09:29:00,09:31,09:29,^NSEI,2026,4,2,3,9,29,1,22241.7,22251.6,22240.0,22245.55,0.0,22245.72,22245.45,11.6,0.0173,0.000227,33.2,6.05,1.7,1.000522,1,0,0,5,OK_NO_VOL,99.5
2026-04-02 09:32:00.085654,2026-04-02 09:30:00,09:32,09:30,^NSEI,2026,4,2,3,9,30,1,22244.45,22262.45,22242.8,22257.55,0.0,22254.27,22246.0,19.65,0.0589,0.000539,66.67,4.9,1.65,1.000883,1,0,0,5,OK_NO_VOL,85.2
2026-04-02 09:33:00.109385,2026-04-02 09:31:00,09:33,09:31,^NSEI,2026,4,2,3,9,31,1,22258.9,22268.75,22249.8,22249.8,0.0,22256.12,22246.6,18.95,-0.0409,-0.000348,48.02,9.85,0.0,1.000852,1,0,0,5,OK_NO_VOL,108.9
2026-04-02 09:34:00.119100,2026-04-02 09:32:00,09:34,09:32,^NSEI,2026,4,2,3,9,32,1,22249.5,22258.65,22248.55,22250.05,0.0,22252.42,22246.92,10.1,0.0025,1.1e-05,5.45,8.6,0.95,1.000454,1,0,0,5,OK_NO_VOL,118.6
2026-04-02 09:35:00.105892,2026-04-02 09:33:00,09:35,09:33,^NSEI,2026,4,2,3,9,33,1,22249.85,22251.4,22239.45,22244.75,0.0,22245.2,22246.83,11.95,-0.0229,-0.000238,42.67,1.55,5.3,1.000537,1,0,0,5,OK_NO_VOL,105.4
2026-04-02 09:36:00.156413,2026-04-02 09:34:00,09:36,09:34,^NSEI,2026,4,2,3,9,34,1,22244.3,22256.85,22241.5,22255.4,0.0,22251.25,22247.05,15.35,0.0499,0.000479,72.31,1.45,2.8,1.00069,1,0,0,5,OK_NO_VOL,155.9
2026-04-02 09:37:00.084023,2026-04-02 09:35:00,09:37,09:35,^NSEI,2026,4,2,3,9,35,1,22255.4,22255.4,22246.9,22251.7,0.0,22251.33,22247.25,8.5,-0.0166,-0.000166,43.54,0.0,4.8,1.000382,1,0,0,5,OK_NO_VOL,83.5
2026-04-02 09:38:00.098727,2026-04-02 09:36:00,09:38,09:36,^NSEI,2026,4,2,3,9,36,1,22248.65,22274.35,22244.0,22270.3,0.0,22262.88,22247.96,30.35,0.0973,0.000836,71.34,4.05,4.65,1.001364,1,0,0,5,OK_NO_VOL,98.2
2026-04-02 09:39:00.133812,2026-04-02 09:37:00,09:39,09:37,^NSEI,2026,4,2,3,9,37,1,22271.3,22290.75,22268.95,22284.25,0.0,22281.32,22249.41,21.8,0.0581,0.000626,59.4,6.5,2.35,1.000979,1,0,0,5,OK_NO_VOL,133.4
2026-04-02 09:40:00.106114,2026-04-02 09:38:00,09:40,09:38,^NSEI,2026,4,2,3,9,38,1,22284.55,22285.05,22268.9,22279.05,0.0,22277.67,22250.59,16.15,-0.0247,-0.000233,34.06,0.5,10.15,1.000725,1,0,0,5,OK_NO_VOL,105.6
2026-04-02 09:41:00.107446,2026-04-02 09:39:00,09:41,09:39,^NSEI,2026,4,2,3,9,39,1,22280.05,22280.1,22249.75,22251.45,0.0,22260.43,22250.98,30.35,-0.1284,-0.00124,94.24,0.05,1.7,1.001364,1,0,0,5,OK_NO_VOL,107.0
2026-04-02 09:42:00.134873,2026-04-02 09:40:00,09:42,09:40,^NSEI,2026,4,2,3,9,40,1,22249.9,22259.95,22244.0,22258.5,0.0,22254.15,22251.11,15.95,0.0387,0.000317,53.92,1.45,5.9,1.000717,1,0,0,5,OK_NO_VOL,134.4
2026-04-02 09:43:00.172201,2026-04-02 09:41:00,09:43,09:41,^NSEI,2026,4,2,3,9,41,1,22261.05,22278.1,22261.05,22271.0,0.0,22270.05,22251.81,17.05,0.0447,0.000561,58.35,7.1,0.0,1.000766,1,0,0,5,OK_NO_VOL,171.7
2026-04-02 09:44:00.099294,2026-04-02 09:42:00,09:44,09:42,^NSEI,2026,4,2,3,9,42,1,22270.3,22272.65,22253.45,22256.9,0.0,22261.0,22252.14,19.2,-0.0602,-0.000633,69.79,2.35,3.45,1.000863,1,0,0,5,OK_NO_VOL,98.8
2026-04-02 09:45:00.090169,2026-04-02 09:43:00,09:45,09:43,^NSEI,2026,4,2,3,9,43,1,22256.2,22267.05,22254.55,22258.65,0.0,22260.08,22252.41,12.5,0.011,7.9e-05,19.61,8.4,1.65,1.000562,1,0,0,5,OK_NO_VOL,89.7
2026-04-02 09:46:00.100186,2026-04-02 09:44:00,09:46,09:44,^NSEI,2026,4,2,3,9,44,1,22259.25,22263.05,22251.25,22262.55,0.0,22258.95,22252.63,11.8,0.0148,0.000175,27.97,0.5,8.0,1.00053,1,0,0,5,OK_NO_VOL,99.7
2026-04-02 09:47:00.136483,2026-04-02 09:45:00,09:47,09:45,^NSEI,2026,4,2,3,9,45,1,22264.45,22273.2,22262.05,22272.6,0.0,22269.28,22253.17,11.15,0.0366,0.000451,73.1,0.6,2.4,1.000501,1,0,0,5,OK_NO_VOL,136.0
2026-04-02 09:48:00.157285,2026-04-02 09:46:00,09:48,09:46,^NSEI,2026,4,2,3,9,46,1,22271.35,22271.35,22252.2,22254.25,0.0,22259.27,22253.36,19.15,-0.0768,-0.000824,89.29,0.0,2.05,1.000861,1,0,0,5,OK_NO_VOL,156.8
2026-04-02 09:49:00.115002,2026-04-02 09:47:00,09:49,09:47,^NSEI,2026,4,2,3,9,47,1,22252.7,22257.15,22248.95,22249.6,0.0,22251.9,22253.31,8.2,-0.0139,-0.000209,37.8,4.45,0.65,1.000369,1,0,0,5,OK_NO_VOL,114.5
2026-04-02 09:50:00.101361,2026-04-02 09:48:00,09:50,09:48,^NSEI,2026,4,2,3,9,48,1,22250.05,22251.25,22236.4,22236.65,0.0,22241.43,22252.96,14.85,-0.0602,-0.000582,90.24,1.2,0.25,1.000668,1,0,0,5,OK_NO_VOL,100.9
2026-04-02 09:51:00.134709,2026-04-02 09:49:00,09:51,09:49,^NSEI,2026,4,2,3,9,49,1,22236.5,22237.95,22227.35,22235.65,0.0,22233.65,22252.41,10.6,-0.0038,-4.5e-05,8.02,1.45,8.3,1.000477,1,0,0,5,OK_NO_VOL,134.3
2026-04-02 09:52:00.110051,2026-04-02 09:50:00,09:52,09:50,^NSEI,2026,4,2,3,9,50,1,22235.7,22241.7,22231.5,22238.9,0.0,22237.37,22251.99,10.2,0.0144,0.000146,31.38,2.8,4.2,1.000459,1,0,0,5,OK_NO_VOL,109.5
2026-04-02 09:53:00.097061,2026-04-02 09:51:00,09:53,09:51,^NSEI,2026,4,2,3,9,51,1,22236.2,22237.65,22229.35,22229.65,0.0,22232.22,22251.46,8.3,-0.0295,-0.000416,78.9,1.45,0.3,1.000373,1,0,0,5,OK_NO_VOL,96.5
2026-04-02 09:54:00.178914,2026-04-02 09:52:00,09:54,09:52,^NSEI,2026,4,2,3,9,52,1,22229.9,22229.9,22215.7,22215.7,0.0,22220.43,22250.64,14.2,-0.0639,-0.000628,100.01,0.0,0.0,1.000639,1,0,0,5,OK_NO_VOL,178.5
2026-04-02 09:55:00.166921,2026-04-02 09:53:00,09:55,09:53,^NSEI,2026,4,2,3,9,53,1,22215.4,22227.5,22212.7,22227.5,0.0,22222.57,22249.92,14.8,0.0545,0.000531,81.75,0.0,2.7,1.000666,1,0,0,5,OK_NO_VOL,166.4
2026-04-02 09:56:00.082622,2026-04-02 09:54:00,09:56,09:54,^NSEI,2026,4,2,3,9,54,1,22227.1,22229.2,22217.5,22221.15,0.0,22222.62,22249.24,11.7,-0.0268,-0.000286,50.85,2.1,3.65,1.000527,1,0,0,5,OK_NO_VOL,78.9
2026-04-02 09:57:00.128486,2026-04-02 09:55:00,09:57,09:55,^NSEI,2026,4,2,3,9,55,1,22220.8,22222.2,22212.65,22221.9,0.0,22218.92,22248.5,9.55,0.0049,3.4e-05,11.51,0.3,8.15,1.00043,1,0,0,5,OK_NO_VOL,128.0
2026-04-02 09:58:00.127989,2026-04-02 09:56:00,09:58,09:56,^NSEI,2026,4,2,3,9,56,1,22222.35,22227.55,22220.8,22220.9,0.0,22223.08,22247.89,6.75,-0.0065,-4.5e-05,21.47,5.2,0.1,1.000304,1,0,0,5,OK_NO_VOL,127.5
2026-04-02 09:59:00.098591,2026-04-02 09:57:00,09:59,09:57,^NSEI,2026,4,2,3,9,57,1,22220.35,22222.35,22214.8,22218.25,0.0,22218.47,22247.21,7.55,-0.0094,-0.000119,27.81,2.0,3.45,1.00034,1,0,0,5,OK_NO_VOL,98.1
2026-04-02 10:00:00.090691,2026-04-02 09:58:00,10:00,09:58,^NSEI,2026,4,2,3,9,58,1,22217.55,22217.9,22209.9,22211.0,0.0,22212.93,22246.43,8.0,-0.0295,-0.000326,81.88,0.35,1.1,1.00036,1,0,0,5,OK_NO_VOL,90.3
2026-04-02 10:01:00.088427,2026-04-02 09:59:00,10:01,09:59,^NSEI,2026,4,2,3,9,59,1,22210.7,22211.4,22205.85,22206.5,0.0,22207.92,22245.58,5.55,-0.0189,-0.000203,75.66,0.7,0.65,1.00025,1,0,0,5,OK_NO_VOL,88.0
2026-04-02 10:02:00.094388,2026-04-02 10:00:00,10:02,10:00,^NSEI,2026,4,2,3,10,0,1,22206.8,22211.6,22190.45,22211.25,0.0,22204.43,22244.68,21.15,0.02,0.000214,21.04,0.35,16.35,1.000953,2,0,0,5,OK_NO_VOL,94.0
2026-04-02 10:03:00.160409,2026-04-02 10:01:00,10:03,10:01,^NSEI,2026,4,2,3,10,1,1,22211.15,22228.9,22211.15,22228.9,0.0,22222.98,22244.22,17.75,0.0799,0.000794,100.0,0.0,0.0,1.000799,2,0,0,5,OK_NO_VOL,160.0
2026-04-02 10:04:00.104148,2026-04-02 10:02:00,10:04,10:02,^NSEI,2026,4,2,3,10,2,1,22227.3,22229.3,22217.1,22219.2,0.0,22221.87,22243.75,12.2,-0.0364,-0.000436,66.41,2.0,2.1,1.000549,2,0,0,5,OK_NO_VOL,103.6
2026-04-02 10:05:00.200024,2026-04-02 10:03:00,10:05,10:03,^NSEI,2026,4,2,3,10,3,1,22218.7,22229.8,22205.25,22210.35,0.0,22215.13,22243.17,24.55,-0.0376,-0.000398,34.01,11.1,5.1,1.001106,2,0,0,5,OK_NO_VOL,199.6
2026-04-02 10:06:00.099415,2026-04-02 10:04:00,10:06,10:04,^NSEI,2026,4,2,3,10,4,1,22210.7,22216.75,22209.05,22215.1,0.0,22213.63,22242.58,7.7,0.0198,0.000214,57.15,1.65,1.65,1.000347,2,0,0,5,OK_NO_VOL,98.9
2026-04-02 10:07:00.096827,2026-04-02 10:05:00,10:07,10:05,^NSEI,2026,4,2,3,10,5,1,22216.1,22216.1,22207.7,22207.7,0.0,22210.5,22241.95,8.4,-0.0378,-0.000333,100.0,0.0,0.0,1.000378,2,0,0,5,OK_NO_VOL,96.3
2026-04-02 10:08:00.081695,2026-04-02 10:06:00,10:08,10:06,^NSEI,2026,4,2,3,10,6,1,22208.65,22208.65,22195.45,22195.65,0.0,22199.92,22241.14,13.2,-0.0585,-0.000543,98.48,0.0,0.2,1.000595,2,0,0,5,OK_NO_VOL,81.2
2026-04-02 10:09:00.156060,2026-04-02 10:07:00,10:09,10:07,^NSEI,2026,4,2,3,10,7,1,22194.05,22203.95,22185.6,22203.1,0.0,22197.55,22240.32,18.35,0.0408,0.000336,49.31,0.85,8.45,1.000827,2,0,0,5,OK_NO_VOL,155.6
2026-04-02 10:10:00.136757,2026-04-02 10:08:00,10:10,10:08,^NSEI,2026,4,2,3,10,8,1,22202.65,22203.45,22185.25,22192.2,0.0,22193.63,22239.45,18.2,-0.0471,-0.000491,57.42,0.8,6.95,1.00082,2,0,0,5,OK_NO_VOL,136.3
2026-04-02 10:11:00.106683,2026-04-02 10:09:00,10:11,10:09,^NSEI,2026,4,2,3,10,9,1,22192.2,22193.75,22184.7,22186.4,0.0,22188.28,22238.52,9.05,-0.0261,-0.000261,64.08,1.55,1.7,1.000408,2,0,0,5,OK_NO_VOL,106.2
2026-04-02 10:12:00.108146,2026-04-02 10:10:00,10:12,10:10,^NSEI,2026,4,2,3,10,10,1,22186.35,22191.65,22183.3,22187.55,0.0,22187.5,22237.61,8.35,0.0054,5.2e-05,14.39,4.1,3.05,1.000376,2,0,0,5,OK_NO_VOL,107.7
2026-04-02 10:13:00.150577,2026-04-02 10:11:00,10:13,10:11,^NSEI,2026,4,2,3,10,11,1,22186.7,22200.35,22186.7,22198.4,0.0,22195.15,22236.87,13.65,0.0527,0.000489,85.72,1.95,0.0,1.000615,2,0,0,5,OK_NO_VOL,150.1
2026-04-02 10:14:00.084152,2026-04-02 10:12:00,10:14,10:12,^NSEI,2026,4,2,3,10,12,1,22197.6,22204.15,22194.5,22200.5,0.0,22199.72,22236.23,9.65,0.0131,9.5e-05,30.06,3.65,3.1,1.000435,2,0,0,5,OK_NO_VOL,83.7
2026-04-02 10:15:00.094977,2026-04-02 10:13:00,10:15,10:13,^NSEI,2026,4,2,3,10,13,1,22200.6,22215.1,22199.5,22213.9,0.0,22209.5,22235.77,15.6,0.0599,0.000603,85.26,1.2,1.1,1.000703,2,0,0,5,OK_NO_VOL,94.5
2026-04-02 10:16:00.088472,2026-04-02 10:14:00,10:16,10:14,^NSEI,2026,4,2,3,10,14,1,22213.65,22236.65,22212.55,22234.35,0.0,22227.85,22235.64,24.1,0.0932,0.00092,85.89,2.3,1.1,1.001085,2,0,0,5,OK_NO_VOL,88.0
2026-04-02 10:17:00.100368,2026-04-02 10:15:00,10:17,10:15,^NSEI,2026,4,2,3,10,15,1,22234.5,22234.5,22207.25,22216.5,0.0,22219.42,22235.38,27.25,-0.081,-0.000803,66.06,0.0,9.25,1.001227,2,0,0,5,OK_NO_VOL,99.9
2026-04-02 10:18:00.105586,2026-04-02 10:16:00,10:18,10:16,^NSEI,2026,4,2,3,10,16,1,22215.7,22217.5,22203.0,22203.15,0.0,22207.88,22234.93,14.5,-0.0565,-0.000601,86.54,1.8,0.15,1.000653,2,0,0,5,OK_NO_VOL,105.1
2026-04-02 10:19:00.113433,2026-04-02 10:17:00,10:19,10:17,^NSEI,2026,4,2,3,10,17,1,22203.25,22204.0,22193.45,22193.45,0.0,22196.97,22234.33,10.55,-0.0441,-0.000437,92.9,0.75,0.0,1.000475,2,0,0,5,OK_NO_VOL,113.0
2026-04-02 10:20:00.181087,2026-04-02 10:18:00,10:20,10:18,^NSEI,2026,4,2,3,10,18,1,22194.0,22210.5,22190.65,22208.0,0.0,22203.05,22233.84,19.85,0.0631,0.000655,70.53,2.5,3.35,1.000895,2,0,0,5,OK_NO_VOL,180.6
2026-04-02 10:21:00.093359,2026-04-02 10:19:00,10:21,10:19,^NSEI,2026,4,2,3,10,19,1,22208.3,22208.3,22201.45,22205.35,0.0,22205.03,22233.4,6.85,-0.0133,-0.000119,43.08,0.0,3.9,1.000309,2,0,0,5,OK_NO_VOL,92.9
2026-04-02 10:22:00.100146,2026-04-02 10:20:00,10:22,10:20,^NSEI,2026,4,2,3,10,20,1,22206.55,22226.5,22206.55,22224.6,0.0,22219.22,22233.18,19.95,0.0813,0.000867,90.47,1.9,0.0,1.000898,2,0,0,5,OK_NO_VOL,99.6
2026-04-02 10:23:00.080651,2026-04-02 10:21:00,10:23,10:21,^NSEI,2026,4,2,3,10,21,1,22224.95,22225.9,22207.75,22208.25,0.0,22213.97,22232.9,18.15,-0.0751,-0.000736,92.01,0.95,0.5,1.000817,2,0,0,5,OK_NO_VOL,80.1
2026-04-02 10:24:00.167753,2026-04-02 10:22:00,10:24,10:22,^NSEI,2026,4,2,3,10,22,1,22209.8,22210.25,22197.15,22197.25,0.0,22201.55,22232.44,13.1,-0.0565,-0.000495,95.81,0.45,0.1,1.00059,2,0,0,5,OK_NO_VOL,167.3
2026-04-02 10:25:00.134258,2026-04-02 10:23:00,10:25,10:23,^NSEI,2026,4,2,3,10,23,1,22199.0,22201.9,22190.65,22197.5,0.0,22196.68,22231.92,11.25,-0.0068,1.1e-05,13.33,2.9,6.85,1.000507,2,0,0,5,OK_NO_VOL,133.8
2026-04-02 10:26:00.297649,2026-04-02 10:24:00,10:26,10:24,^NSEI,2026,4,2,3,10,24,1,22196.4,22198.55,22189.45,22191.3,0.0,22193.1,22231.36,9.1,-0.023,-0.000279,56.04,2.15,1.85,1.00041,2,0,0,5,OK_NO_VOL,297.2
2026-04-02 10:27:00.095187,2026-04-02 10:25:00,10:27,10:25,^NSEI,2026,4,2,3,10,25,1,22189.75,22207.7,22188.95,22207.7,0.0,22201.45,22230.94,18.75,0.0809,0.000739,95.73,0.0,0.8,1.000845,2,0,0,5,OK_NO_VOL,94.7
2026-04-02 10:28:00.099120,2026-04-02 10:26:00,10:28,10:26,^NSEI,2026,4,2,3,10,26,1,22208.4,22218.2,22205.3,22213.85,0.0,22212.45,22230.68,12.9,0.0245,0.000277,42.24,4.35,3.1,1.000581,2,0,0,5,OK_NO_VOL,98.7
2026-04-02 10:29:00.097608,2026-04-02 10:27:00,10:29,10:27,^NSEI,2026,4,2,3,10,27,1,22214.65,22221.4,22214.45,22217.95,0.0,22217.93,22230.51,6.95,0.0148,0.000185,47.47,3.45,0.2,1.000313,2,0,0,5,OK_NO_VOL,97.1
2026-04-02 10:30:00.091233,2026-04-02 10:28:00,10:30,10:28,^NSEI,2026,4,2,3,10,28,1,22218.35,22219.2,22208.65,22216.75,0.0,22214.87,22230.3,10.55,-0.0072,-5.4e-05,15.16,0.85,8.1,1.000475,2,0,0,5,OK_NO_VOL,90.8
2026-04-02 10:31:00.100530,2026-04-02 10:29:00,10:31,10:29,^NSEI,2026,4,2,3,10,29,1,22218.05,22220.85,22215.95,22217.65,0.0,22218.15,22230.14,4.9,-0.0018,4.1e-05,8.17,2.8,1.7,1.000221,2,0,0,5,OK_NO_VOL,100.1
2026-04-02 10:32:00.079613,2026-04-02 10:30:00,10:32,10:30,^NSEI,2026,4,2,3,10,30,1,22216.85,22221.05,22210.6,22215.85,0.0,22215.83,22229.95,10.45,-0.0045,-8.1e-05,9.57,4.2,5.25,1.000471,2,0,0,5,OK_NO_VOL,79.2
2026-04-02 10:33:00.211189,2026-04-02 10:31:00,10:33,10:31,^NSEI,2026,4,2,3,10,31,1,22214.9,22223.55,22213.35,22223.5,0.0,22220.13,22229.82,10.2,0.0387,0.000344,84.31,0.05,1.55,1.000459,2,0,0,5,OK_NO_VOL,210.7
2026-04-02 10:34:00.096112,2026-04-02 10:32:00,10:34,10:32,^NSEI,2026,4,2,3,10,32,1,22223.35,22227.2,22219.6,22220.85,0.0,22222.55,22229.73,7.6,-0.0112,-0.000119,32.89,3.85,1.25,1.000342,2,0,0,5,OK_NO_VOL,95.6
2026-04-02 10:35:00.177157,2026-04-02 10:33:00,10:35,10:33,^NSEI,2026,4,2,3,10,33,1,22220.45,22229.0,22212.45,22213.25,0.0,22218.23,22229.58,16.55,-0.0324,-0.000342,43.5,8.55,0.8,1.000745,2,0,0,5,OK_NO_VOL,176.7
2026-04-02 10:36:00.095787,2026-04-02 10:34:00,10:36,10:34,^NSEI,2026,4,2,3,10,34,1,22212.45,22214.5,22208.5,22214.0,0.0,22212.33,22229.37,6.0,0.007,3.4e-05,25.85,0.5,3.95,1.00027,2,0,0,5,OK_NO_VOL,95.3
2026-04-02 10:37:00.105844,2026-04-02 10:35:00,10:37,10:35,^NSEI,2026,4,2,3,10,35,1,22213.4,22217.75,22207.95,22208.9,0.0,22211.53,22229.15,9.8,-0.0203,-0.00023,45.92,4.35,0.95,1.000441,2,0,0,5,OK_NO_VOL,105.4
2026-04-02 10:38:00.124724,2026-04-02 10:36:00,10:38,10:36,^NSEI,2026,4,2,3,10,36,1,22206.8,22220.45,22206.8,22213.85,0.0,22213.7,22228.96,13.65,0.0317,0.000223,51.64,6.6,0.0,1.000615,2,0,0,5,OK_NO_VOL,124.3
2026-04-02 10:39:00.086077,2026-04-02 10:37:00,10:39,10:37,^NSEI,2026,4,2,3,10,37,1,22213.75,22224.35,22210.3,22223.8,0.0,22219.48,22228.84,14.05,0.0452,0.000448,71.54,0.55,3.45,1.000633,2,0,0,5,OK_NO_VOL,85.7
2026-04-02 10:40:00.191177,2026-04-02 10:38:00,10:40,10:38,^NSEI,2026,4,2,3,10,38,1,22222.7,22224.3,22221.15,22221.55,0.0,22222.33,22228.77,3.15,-0.0052,-0.000101,36.46,1.6,0.4,1.000142,2,0,0,5,OK_NO_VOL,190.5
2026-04-02 10:41:00.086651,2026-04-02 10:39:00,10:41,10:39,^NSEI,2026,4,2,3,10,39,1,22221.1,22223.55,22219.4,22221.35,0.0,22221.43,22228.68,4.15,0.0011,-9e-06,6.02,2.2,1.7,1.000187,2,0,0,5,OK_NO_VOL,86.2
2026-04-02 10:42:00.101238,2026-04-02 10:40:00,10:42,10:40,^NSEI,2026,4,2,3,10,40,1,22219.95,22235.3,22219.95,22234.8,0.0,22230.02,22228.7,15.35,0.0668,0.000605,96.75,0.5,0.0,1.000691,2,0,0,5,OK_NO_VOL,100.8
2026-04-02 10:43:00.138250,2026-04-02 10:41:00,10:43,10:41,^NSEI,2026,4,2,3,10,41,1,22234.15,22234.15,22215.1,22221.1,0.0,22223.45,22228.64,19.05,-0.0587,-0.000616,68.51,0.0,6.0,1.000858,2,0,0,5,OK_NO_VOL,137.8
2026-04-02 10:44:00.154230,2026-04-02 10:42:00,10:44,10:42,^NSEI,2026,4,2,3,10,42,1,22219.9,22235.95,22219.5,22234.6,0.0,22230.02,22228.65,16.45,0.0662,0.000607,89.36,1.35,0.4,1.00074,2,0,0,5,OK_NO_VOL,153.7
2026-04-02 10:45:00.142519,2026-04-02 10:43:00,10:45,10:43,^NSEI,2026,4,2,3,10,43,1,22235.4,22235.85,22221.95,22232.65,0.0,22230.15,22228.67,13.9,-0.0124,-8.8e-05,19.78,0.45,10.7,1.000626,2,0,0,5,OK_NO_VOL,142.0
2026-04-02 10:46:00.083458,2026-04-02 10:44:00,10:46,10:44,^NSEI,2026,4,2,3,10,44,1,22232.15,22236.2,22221.4,22221.4,0.0,22226.33,22228.64,14.8,-0.0484,-0.000506,72.64,4.05,0.0,1.000666,2,0,0,5,OK_NO_VOL,83.0
2026-04-02 10:47:00.168832,2026-04-02 10:45:00,10:47,10:45,^NSEI,2026,4,2,3,10,45,1,22221.2,22225.1,22220.4,22222.9,0.0,22222.8,22228.58,4.7,0.0077,6.8e-05,36.2,2.2,0.8,1.000211,2,0,0,5,OK_NO_VOL,168.1
2026-04-02 10:48:00.087439,2026-04-02 10:46:00,10:48,10:46,^NSEI,2026,4,2,3,10,46,1,22221.85,22221.85,22213.25,22214.5,0.0,22216.53,22228.45,8.6,-0.0331,-0.000378,85.46,0.0,1.25,1.000387,2,0,0,5,OK_NO_VOL,86.9
2026-04-02 10:49:00.156380,2026-04-02 10:47:00,10:49,10:47,^NSEI,2026,4,2,3,10,47,1,22213.15,22214.6,22189.45,22195.1,0.0,22199.72,22228.14,25.15,-0.0813,-0.000874,71.77,1.45,5.65,1.001133,2,0,0,5,OK_NO_VOL,155.8
2026-04-02 10:50:00.169777,2026-04-02 10:48:00,10:50,10:48,^NSEI,2026,4,2,3,10,48,1,22197.7,22198.95,22193.25,22197.0,0.0,22196.4,22227.8,5.7,-0.0031,8.6e-05,12.27,1.25,3.75,1.000257,2,0,0,5,OK_NO_VOL,168.9
2026-04-02 10:51:00.154395,2026-04-02 10:49:00,10:51,10:49,^NSEI,2026,4,2,3,10,49,1,22197.05,22211.85,22197.05,22206.35,0.0,22205.08,22227.56,14.8,0.0419,0.000421,62.83,5.5,0.0,1.000667,2,0,0,5,OK_NO_VOL,153.9
2026-04-02 10:52:00.166272,2026-04-02 10:50:00,10:52,10:50,^NSEI,2026,4,2,3,10,50,1,22204.85,22206.55,22199.25,22203.0,0.0,22202.93,22227.3,7.3,-0.0083,-0.000151,25.34,1.7,3.75,1.000329,2,0,0,5,OK_NO_VOL,165.8
2026-04-02 10:53:00.096711,2026-04-02 10:51:00,10:53,10:51,^NSEI,2026,4,2,3,10,51,1,22203.35,22205.15,22201.6,22202.4,0.0,22203.05,22227.05,3.55,-0.0043,-2.7e-05,26.74,1.8,0.8,1.00016,2,0,0,5,OK_NO_VOL,96.2
2026-04-02 10:54:00.157485,2026-04-02 10:52:00,10:54,10:52,^NSEI,2026,4,2,3,10,52,1,22201.65,22205.65,22200.15,22200.7,0.0,22202.17,22226.8,5.5,-0.0043,-7.7e-05,17.29,4.0,0.55,1.000248,2,0,0,5,OK_NO_VOL,157.0
2026-04-02 10:55:00.140554,2026-04-02 10:53:00,10:55,10:53,^NSEI,2026,4,2,3,10,53,1,22200.55,22229.55,22200.55,22229.55,0.0,22219.88,22226.73,29.0,0.1306,0.001299,100.0,0.0,0.0,1.001306,2,0,0,5,OK_NO_VOL,140.1
2026-04-02 10:56:00.152775,2026-04-02 10:54:00,10:56,10:54,^NSEI,2026,4,2,3,10,54,1,22230.1,22237.45,22223.3,22226.6,0.0,22229.12,22226.75,14.15,-0.0157,-0.000133,24.73,7.35,3.3,1.000637,2,0,0,5,OK_NO_VOL,152.3
2026-04-02 10:57:00.082097,2026-04-02 10:55:00,10:57,10:55,^NSEI,2026,4,2,3,10,55,1,22225.6,22233.0,22220.3,22231.95,0.0,22228.42,22226.77,12.7,0.0286,0.000241,50.0,1.05,5.3,1.000572,2,0,0,5,OK_NO_VOL,81.6
2026-04-02 10:58:00.097808,2026-04-02 10:56:00,10:58,10:56,^NSEI,2026,4,2,3,10,56,1,22231.7,22243.85,22231.7,22243.85,0.0,22239.8,22226.9,12.15,0.0547,0.000535,100.0,0.0,0.0,1.000547,2,0,0,5,OK_NO_VOL,97.3
2026-04-02 10:59:00.197905,2026-04-02 10:57:00,10:59,10:57,^NSEI,2026,4,2,3,10,57,1,22243.5,22249.5,22237.25,22237.6,0.0,22241.45,22227.04,12.25,-0.0265,-0.000281,48.17,6.0,0.35,1.000551,2,0,0,5,OK_NO_VOL,197.4
2026-04-02 11:00:00.104364,2026-04-02 10:58:00,11:00,10:58,^NSEI,2026,4,2,3,10,58,1,22236.65,22244.55,22232.35,22233.75,0.0,22236.88,22227.13,12.2,-0.013,-0.000173,23.77,7.9,1.4,1.000549,2,0,0,5,OK_NO_VOL,103.9
2026-04-02 11:01:00.167103,2026-04-02 10:59:00,11:01,10:59,^NSEI,2026,4,2,3,10,59,1,22232.6,22244.0,22228.35,22243.7,0.0,22238.68,22227.24,15.65,0.0499,0.000447,70.92,0.3,4.25,1.000704,2,0,0,5,OK_NO_VOL,166.6
2026-04-02 11:02:00.130182,2026-04-02 11:00:00,11:02,11:00,^NSEI,2026,4,2,3,11,0,1,22242.95,22248.2,22238.7,22242.15,0.0,22243.02,22227.39,9.5,-0.0036,-7e-05,8.41,5.25,3.45,1.000427,3,0,0,5,OK_NO_VOL,129.7
2026-04-02 11:03:00.162279,2026-04-02 11:01:00,11:03,11:01,^NSEI,2026,4,2,3,11,1,1,22241.0,22241.8,22230.3,22234.65,0.0,22235.58,22227.47,11.5,-0.0285,-0.000337,55.21,0.8,4.35,1.000517,3,0,0,5,OK_NO_VOL,161.8
2026-04-02 11:04:00.101629,2026-04-02 11:02:00,11:04,11:02,^NSEI,2026,4,2,3,11,2,1,22234.05,22247.2,22233.5,22247.1,0.0,22242.6,22227.61,13.7,0.0587,0.00056,95.25,0.1,0.55,1.000616,3,0,0,5,OK_NO_VOL,101.2
2026-04-02 11:05:00.129992,2026-04-02 11:03:00,11:05,11:03,^NSEI,2026,4,2,3,11,3,1,22246.7,22250.2,22235.25,22237.5,0.0,22240.98,22227.73,14.95,-0.0414,-0.000432,61.53,3.5,2.25,1.000672,3,0,0,5,OK_NO_VOL,129.5
2026-04-02 11:06:00.143452,2026-04-02 11:04:00,11:06,11:04,^NSEI,2026,4,2,3,11,4,1,22237.45,22239.95,22232.85,22234.85,0.0,22235.88,22227.81,7.1,-0.0117,-0.000119,36.61,2.5,2.0,1.000319,3,0,0,5,OK_NO_VOL,142.8
2026-04-02 11:07:00.085740,2026-04-02 11:05:00,11:07,11:05,^NSEI,2026,4,2,3,11,5,1,22236.3,22243.35,22235.2,22241.35,0.0,22239.97,22227.92,8.15,0.0227,0.000292,61.95,2.0,1.1,1.000367,3,0,0,5,OK_NO_VOL,85.3
2026-04-02 11:08:00.089344,2026-04-02 11:06:00,11:08,11:06,^NSEI,2026,4,2,3,11,6,1,22242.55,22242.55,22228.25,22239.95,0.0,22236.92,22228.0,14.3,-0.0117,-6.3e-05,18.19,0.0,11.7,1.000643,3,0,0,5,OK_NO_VOL,88.9
2026-04-02 11:09:00.096294,2026-04-02 11:07:00,11:09,11:07,^NSEI,2026,4,2,3,11,7,1,22239.25,22240.25,22233.35,22236.8,0.0,22236.8,22228.07,6.9,-0.011,-0.000142,35.5,1.0,3.45,1.00031,3,0,0,5,OK_NO_VOL,95.8
2026-04-02 11:10:00.147282,2026-04-02 11:08:00,11:10,11:08,^NSEI,2026,4,2,3,11,8,1,22236.65,22243.05,22227.9,22228.1,0.0,22233.02,22228.12,15.15,-0.0385,-0.000391,56.44,6.4,0.2,1.000682,3,0,0,5,OK_NO_VOL,146.8
2026-04-02 11:11:00.090253,2026-04-02 11:09:00,11:11,11:09,^NSEI,2026,4,2,3,11,9,1,22228.55,22237.55,22222.4,22235.7,0.0,22231.88,22228.15,15.15,0.0322,0.000342,47.18,1.85,6.15,1.000682,3,0,0,5,OK_NO_VOL,89.8
2026-04-02 11:12:00.165195,2026-04-02 11:10:00,11:12,11:10,^NSEI,2026,4,2,3,11,10,1,22233.4,22235.05,22217.95,22226.45,0.0,22226.48,22228.14,17.1,-0.0313,-0.000416,40.65,1.65,8.5,1.00077,3,0,0,5,OK_NO_VOL,164.7
2026-04-02 11:13:00.136973,2026-04-02 11:11:00,11:13,11:11,^NSEI,2026,4,2,3,11,11,1,22226.35,22228.5,22223.15,22225.75,0.0,22225.8,22228.12,5.35,-0.0027,-3.1e-05,11.21,2.15,2.6,1.000241,3,0,0,5,OK_NO_VOL,136.5
2026-04-02 11:14:00.149965,2026-04-02 11:12:00,11:14,11:12,^NSEI,2026,4,2,3,11,12,1,22225.95,22230.4,22224.1,22224.1,0.0,22226.2,22228.1,6.3,-0.0083,-7.4e-05,29.36,4.45,0.0,1.000284,3,0,0,5,OK_NO_VOL,149.5
2026-04-02 11:15:00.084290,2026-04-02 11:13:00,11:15,11:13,^NSEI,2026,4,2,3,11,13,1,22224.5,22227.35,22218.0,22225.6,0.0,22223.65,22228.06,9.35,0.0049,6.7e-05,11.76,1.75,6.5,1.000421,3,0,0,5,OK_NO_VOL,83.8
2026-04-02 11:16:00.096352,2026-04-02 11:14:00,11:16,11:14,^NSEI,2026,4,2,3,11,14,1,22224.3,22230.8,22221.65,22227.65,0.0,22226.7,22228.05,9.15,0.0151,9.2e-05,36.61,3.15,2.65,1.000412,3,0,0,5,OK_NO_VOL,95.9
2026-04-02 11:17:00.089252,2026-04-02 11:15:00,11:17,11:15,^NSEI,2026,4,2,3,11,15,1,22225.85,22230.8,22222.9,22224.1,0.0,22225.93,22228.03,7.9,-0.0079,-0.00016,22.15,4.95,1.2,1.000356,3,0,0,5,OK_NO_VOL,88.8
2026-04-02 11:18:00.098812,2026-04-02 11:16:00,11:18,11:16,^NSEI,2026,4,2,3,11,16,1,22224.45,22226.6,22221.75,22225.6,0.0,22224.65,22228.01,4.85,0.0052,6.7e-05,23.72,1.0,2.7,1.000218,3,0,0,5,OK_NO_VOL,98.4
2026-04-02 11:19:00.156917,2026-04-02 11:17:00,11:19,11:17,^NSEI,2026,4,2,3,11,17,1,22224.15,22225.3,22206.05,22209.15,0.0,22213.5,22227.89,19.25,-0.0675,-0.00074,77.92,1.15,3.1,1.000867,3,0,0,5,OK_NO_VOL,156.4
2026-04-02 11:20:00.080155,2026-04-02 11:18:00,11:20,11:18,^NSEI,2026,4,2,3,11,18,1,22208.5,22223.7,22208.5,22220.35,0.0,22217.52,22227.8,15.2,0.0534,0.000504,77.96,3.35,0.0,1.000684,3,0,0,5,OK_NO_VOL,79.7
2026-04-02 11:21:00.136221,2026-04-02 11:19:00,11:21,11:19,^NSEI,2026,4,2,3,11,19,1,22219.95,22220.9,22211.8,22217.65,0.0,22216.78,22227.72,9.1,-0.0103,-0.000122,25.26,0.95,5.85,1.00041,3,0,0,5,OK_NO_VOL,135.7
2026-04-02 11:22:00.085732,2026-04-02 11:20:00,11:22,11:20,^NSEI,2026,4,2,3,11,20,1,22216.6,22218.05,22207.5,22216.7,0.0,22214.08,22227.61,10.55,0.0004,-4.3e-05,0.94,1.35,9.1,1.000475,3,0,0,5,OK_NO_VOL,85.3
2026-04-02 11:23:00.126230,2026-04-02 11:21:00,11:23,11:21,^NSEI,2026,4,2,3,11,21,1,22216.1,22217.3,22210.2,22214.5,0.0,22214.0,22227.5,7.1,-0.0072,-9.9e-05,22.53,1.2,4.3,1.00032,3,0,0,5,OK_NO_VOL,125.8
2026-04-02 11:24:00.083704,2026-04-02 11:22:00,11:24,11:22,^NSEI,2026,4,2,3,11,22,1,22213.45,22217.3,22209.95,22217.3,0.0,22214.85,22227.4,7.35,0.0173,0.000126,52.4,0.0,3.5,1.000331,3,0,0,5,OK_NO_VOL,83.3
2026-04-02 11:25:00.107081,2026-04-02 11:23:00,11:25,11:23,^NSEI,2026,4,2,3,11,23,1,22216.7,22220.55,22214.45,22220.35,0.0,22218.45,22227.33,6.1,0.0164,0.000137,59.84,0.2,2.25,1.000275,3,0,0,5,OK_NO_VOL,106.6
2026-04-02 11:26:00.105570,2026-04-02 11:24:00,11:26,11:24,^NSEI,2026,4,2,3,11,24,1,22219.7,22220.05,22206.25,22212.0,0.0,22212.77,22227.22,13.8,-0.0347,-0.000376,55.79,0.35,5.75,1.000621,3,0,0,5,OK_NO_VOL,105.1
2026-04-02 11:27:00.110976,2026-04-02 11:25:00,11:27,11:25,^NSEI,2026,4,2,3,11,25,1,22209.0,22214.35,22208.7,22212.8,0.0,22211.95,22227.1,5.65,0.0171,3.6e-05,67.27,1.55,0.3,1.000254,3,0,0,5,OK_NO_VOL,110.5
2026-04-02 11:28:00.112429,2026-04-02 11:26:00,11:28,11:26,^NSEI,2026,4,2,3,11,26,1,22212.15,22222.75,22208.6,22209.6,0.0,22213.65,22227.0,14.15,-0.0115,-0.000144,18.03,10.6,1.0,1.000637,3,0,0,5,OK_NO_VOL,111.9
2026-04-02 11:29:00.103920,2026-04-02 11:27:00,11:29,11:27,^NSEI,2026,4,2,3,11,27,1,22208.2,22212.35,22206.05,22211.25,0.0,22209.88,22226.87,6.3,0.0137,7.4e-05,48.43,1.1,2.15,1.000284,3,0,0,5,OK_NO_VOL,103.4
2026-04-02 11:30:00.158242,2026-04-02 11:28:00,11:30,11:28,^NSEI,2026,4,2,3,11,28,1,22210.15,22211.85,22204.4,22204.4,0.0,22206.88,22226.72,7.45,-0.0259,-0.000308,77.18,1.7,0.0,1.000335,3,0,0,5,OK_NO_VOL,157.8
2026-04-02 11:31:00.127589,2026-04-02 11:29:00,11:31,11:29,^NSEI,2026,4,2,3,11,29,1,22204.8,22207.85,22202.75,22207.6,0.0,22206.07,22226.57,5.1,0.0126,0.000144,54.88,0.25,2.05,1.00023,3,0,0,5,OK_NO_VOL,127.1
2026-04-02 11:32:00.104534,2026-04-02 11:30:00,11:32,11:30,^NSEI,2026,4,2,3,11,30,1,22206.5,22210.8,22203.7,22209.5,0.0,22208.0,22226.44,7.1,0.0135,8.6e-05,42.25,1.3,2.8,1.00032,3,0,0,5,OK_NO_VOL,104.1
2026-04-02 11:33:00.174293,2026-04-02 11:31:00,11:33,11:31,^NSEI,2026,4,2,3,11,31,1,22208.8,22216.2,22206.55,22214.45,0.0,22212.4,22226.33,9.65,0.0254,0.000223,58.53,1.75,2.25,1.000434,3,0,0,5,OK_NO_VOL,173.8
2026-04-02 11:34:00.178524,2026-04-02 11:32:00,11:34,11:32,^NSEI,2026,4,2,3,11,32,1,22213.65,22222.7,22209.4,22220.05,0.0,22217.38,22226.27,13.3,0.0288,0.000252,48.12,2.65,4.25,1.000599,3,0,0,5,OK_NO_VOL,177.8
2026-04-02 11:35:00.099267,2026-04-02 11:33:00,11:35,11:33,^NSEI,2026,4,2,3,11,33,1,22219.9,22224.1,22215.3,22215.3,0.0,22218.23,22226.21,8.8,-0.0207,-0.000214,52.27,4.2,0.0,1.000396,3,0,0,5,OK_NO_VOL,98.8
2026-04-02 11:36:00.081793,2026-04-02 11:34:00,11:36,11:34,^NSEI,2026,4,2,3,11,34,1,22214.75,22219.8,22210.75,22219.8,0.0,22216.78,22226.14,9.05,0.0227,0.000203,55.81,0.0,4.0,1.000407,3,0,0,5,OK_NO_VOL,81.3
2026-04-02 11:37:00.139260,2026-04-02 11:35:00,11:37,11:35,^NSEI,2026,4,2,3,11,35,1,22218.9,22227.6,22218.3,22226.9,0.0,22224.27,22226.13,9.3,0.036,0.00032,86.02,0.7,0.6,1.000419,3,0,0,5,OK_NO_VOL,138.8
2026-04-02 11:38:00.130373,2026-04-02 11:36:00,11:38,11:36,^NSEI,2026,4,2,3,11,36,1,22226.7,22238.9,22226.7,22238.9,0.0,22234.83,22226.19,12.2,0.0549,0.00054,100.01,0.0,0.0,1.000549,3,0,0,5,OK_NO_VOL,129.8
2026-04-02 11:39:00.124597,2026-04-02 11:37:00,11:39,11:37,^NSEI,2026,4,2,3,11,37,1,22238.85,22239.2,22232.55,22238.15,0.0,22236.63,22226.26,6.65,-0.0031,-3.4e-05,10.51,0.35,5.6,1.000299,3,0,0,5,OK_NO_VOL,124.1
2026-04-02 11:40:00.109192,2026-04-02 11:38:00,11:40,11:38,^NSEI,2026,4,2,3,11,38,1,22236.6,22238.65,22233.05,22235.35,0.0,22235.68,22226.33,5.6,-0.0056,-0.000126,22.32,2.05,2.3,1.000252,3,0,0,5,OK_NO_VOL,108.7
2026-04-02 11:41:00.155727,2026-04-02 11:39:00,11:41,11:39,^NSEI,2026,4,2,3,11,39,1,22234.3,22237.4,22230.8,22234.4,0.0,22234.2,22226.38,6.6,0.0004,-4.3e-05,1.51,3.0,3.5,1.000297,3,0,0,5,OK_NO_VOL,155.3
2026-04-02 11:42:00.104492,2026-04-02 11:40:00,11:42,11:40,^NSEI,2026,4,2,3,11,40,1,22234.75,22237.25,22231.9,22234.6,0.0,22234.58,22226.44,5.35,-0.0007,9e-06,2.81,2.5,2.7,1.000241,3,0,0,5,OK_NO_VOL,104.0
2026-04-02 11:43:00.125639,2026-04-02 11:41:00,11:43,11:41,^NSEI,2026,4,2,3,11,41,1,22234.45,22235.85,22222.35,22227.95,0.0,22228.72,22226.45,13.5,-0.0292,-0.000299,48.15,1.4,5.6,1.000607,3,0,0,5,OK_NO_VOL,125.1
2026-04-02 11:44:00.156996,2026-04-02 11:42:00,11:44,11:42,^NSEI,2026,4,2,3,11,42,1,22226.6,22230.8,22222.9,22224.8,0.0,22226.17,22226.45,7.9,-0.0081,-0.000142,22.77,4.2,1.9,1.000356,3,0,0,5,OK_NO_VOL,156.5
2026-04-02 11:45:00.175561,2026-04-02 11:43:00,11:45,11:43,^NSEI,2026,4,2,3,11,43,1,22225.2,22228.95,22223.0,22228.65,0.0,22226.87,22226.46,5.95,0.0155,0.000173,58.0,0.3,2.2,1.000268,3,0,0,5,OK_NO_VOL,175.1
2026-04-02 11:46:00.156136,2026-04-02 11:44:00,11:46,11:44,^NSEI,2026,4,2,3,11,44,1,22228.85,22228.85,22221.4,22225.5,0.0,22225.25,22226.45,7.45,-0.0151,-0.000142,44.96,0.0,4.1,1.000335,3,0,0,5,OK_NO_VOL,155.6
2026-04-02 11:47:00.104122,2026-04-02 11:45:00,11:47,11:45,^NSEI,2026,4,2,3,11,45,1,22223.15,22235.8,22223.1,22233.75,0.0,22230.88,22226.48,12.7,0.0477,0.000371,83.46,2.05,0.05,1.000572,3,0,0,5,OK_NO_VOL,103.6
2026-04-02 11:48:00.086136,2026-04-02 11:46:00,11:48,11:46,^NSEI,2026,4,2,3,11,46,1,22233.25,22236.65,22230.8,22235.9,0.0,22234.45,22226.53,5.85,0.0119,9.7e-05,45.31,0.75,2.45,1.000263,3,0,0,5,OK_NO_VOL,85.6
2026-04-02 11:49:00.105637,2026-04-02 11:47:00,11:49,11:47,^NSEI,2026,4,2,3,11,47,1,22236.0,22248.75,22235.8,22248.1,0.0,22244.22,22226.65,12.95,0.0544,0.000548,93.43,0.65,0.2,1.000582,3,0,0,5,OK_NO_VOL,105.2
2026-04-02 11:50:00.090248,2026-04-02 11:48:00,11:50,11:48,^NSEI,2026,4,2,3,11,48,1,22248.9,22251.05,22235.75,22245.4,0.0,22244.07,22226.76,15.3,-0.0157,-0.000121,22.88,2.15,9.65,1.000688,3,0,0,5,OK_NO_VOL,89.9
2026-04-02 11:51:00.124095,2026-04-02 11:49:00,11:51,11:49,^NSEI,2026,4,2,3,11,49,1,22245.6,22249.65,22240.45,22242.0,0.0,22244.03,22226.87,9.2,-0.0162,-0.000153,39.13,4.05,1.55,1.000414,3,0,0,5,OK_NO_VOL,123.6
2026-04-02 11:52:00.084988,2026-04-02 11:50:00,11:52,11:50,^NSEI,2026,4,2,3,11,50,1,22243.45,22251.55,22243.45,22248.8,0.0,22247.93,22227.0,8.1,0.0241,0.000306,66.07,2.75,0.0,1.000364,3,0,0,5,OK_NO_VOL,84.5
2026-04-02 11:53:00.155132,2026-04-02 11:51:00,11:53,11:51,^NSEI,2026,4,2,3,11,51,1,22247.55,22255.4,22243.8,22254.35,0.0,22251.18,22227.16,11.6,0.0306,0.000249,58.61,1.05,3.75,1.000521,3,0,0,5,OK_NO_VOL,154.7
2026-04-02 11:54:00.151079,2026-04-02 11:52:00,11:54,11:52,^NSEI,2026,4,2,3,11,52,1,22254.65,22256.75,22243.1,22244.0,0.0,22247.95,22227.29,13.65,-0.0479,-0.000465,78.02,2.1,0.9,1.000614,3,0,0,5,OK_NO_VOL,150.6
2026-04-02 11:55:00.083580,2026-04-02 11:53:00,11:55,11:53,^NSEI,2026,4,2,3,11,53,1,22243.15,22251.9,22241.65,22250.5,0.0,22248.02,22227.42,10.25,0.033,0.000292,71.7,1.4,1.5,1.000461,3,0,0,5,OK_NO_VOL,83.1
2026-04-02 11:56:00.094649,2026-04-02 11:54:00,11:56,11:54,^NSEI,2026,4,2,3,11,54,1,22251.9,22251.9,22244.45,22245.2,0.0,22247.18,22227.54,7.45,-0.0301,-0.000238,89.95,0.0,0.75,1.000335,3,0,0,5,OK_NO_VOL,94.2
2026-04-02 11:57:00.086019,2026-04-02 11:55:00,11:57,11:55,^NSEI,2026,4,2,3,11,55,1,22247.4,22250.25,22245.75,22247.25,0.0,22247.75,22227.67,4.5,-0.0007,9.2e-05,3.34,2.85,1.5,1.000202,3,0,0,5,OK_NO_VOL,85.6
2026-04-02 11:58:00.094188,2026-04-02 11:56:00,11:58,11:56,^NSEI,2026,4,2,3,11,56,1,22246.0,22247.7,22243.6,22246.25,0.0,22245.85,22227.78,4.1,0.0011,-4.5e-05,6.1,1.45,2.4,1.000184,3,0,0,5,OK_NO_VOL,93.8
2026-04-02 11:59:00.084578,2026-04-02 11:57:00,11:59,11:57,^NSEI,2026,4,2,3,11,57,1,22248.1,22278.55,22246.95,22277.7,0.0,22267.73,22228.03,31.6,0.133,0.001413,93.67,0.85,1.15,1.00142,3,0,0,5,OK_NO_VOL,84.1
2026-04-02 12:00:00.119703,2026-04-02 11:58:00,12:00,11:58,^NSEI,2026,4,2,3,11,58,1,22277.9,22300.6,22275.85,22300.4,0.0,22292.28,22228.42,24.75,0.101,0.001018,90.91,0.2,2.05,1.001111,3,0,0,5,OK_NO_VOL,119.3
2026-04-02 12:01:00.081070,2026-04-02 11:59:00,12:01,11:59,^NSEI,2026,4,2,3,11,59,1,22300.15,22300.4,22275.7,22277.2,0.0,22284.43,22228.76,24.7,-0.1029,-0.001041,92.92,0.25,1.5,1.001109,3,0,0,5,OK_NO_VOL,80.6
2026-04-02 12:02:00.094072,2026-04-02 12:00:00,12:02,12:00,^NSEI,2026,4,2,3,12,0,1,22277.55,22288.75,22277.2,22284.45,0.0,22283.47,22229.09,11.55,0.031,0.000325,59.73,4.3,0.35,1.000519,4,0,0,5,OK_NO_VOL,93.6
2026-04-02 12:03:00.086850,2026-04-02 12:01:00,12:03,12:01,^NSEI,2026,4,2,3,12,1,1,22280.6,22283.25,22270.45,22270.55,0.0,22274.75,22229.36,12.8,-0.0451,-0.000624,78.51,2.65,0.1,1.000575,4,0,0,5,OK_NO_VOL,86.4
2026-04-02 12:04:00.084758,2026-04-02 12:02:00,12:04,12:02,^NSEI,2026,4,2,3,12,2,1,22271.45,22272.65,22260.4,22261.65,0.0,22264.9,22229.57,12.25,-0.044,-0.0004,79.99,1.2,1.25,1.00055,4,0,0,5,OK_NO_VOL,84.2
2026-04-02 12:05:00.146279,2026-04-02 12:03:00,12:05,12:03,^NSEI,2026,4,2,3,12,3,1,22264.35,22279.45,22263.3,22279.45,0.0,22274.07,22229.84,16.15,0.0678,0.000799,93.5,0.0,1.05,1.000725,4,0,0,5,OK_NO_VOL,145.8
2026-04-02 12:06:00.077057,2026-04-02 12:04:00,12:06,12:04,^NSEI,2026,4,2,3,12,4,1,22281.1,22281.9,22266.25,22271.25,0.0,22273.13,22230.09,15.65,-0.0442,-0.000368,62.94,0.8,5.0,1.000703,4,0,0,5,OK_NO_VOL,76.6
2026-04-02 12:07:00.159429,2026-04-02 12:05:00,12:07,12:05,^NSEI,2026,4,2,3,12,5,1,22269.5,22270.2,22255.8,22258.2,0.0,22261.4,22230.27,14.4,-0.0507,-0.000586,78.48,0.7,2.4,1.000647,4,0,0,5,OK_NO_VOL,159.0
2026-04-02 12:08:00.084883,2026-04-02 12:06:00,12:08,12:06,^NSEI,2026,4,2,3,12,6,1,22257.8,22263.3,22250.55,22251.85,0.0,22255.23,22230.42,12.75,-0.0267,-0.000285,46.68,5.5,1.3,1.000573,4,0,0,5,OK_NO_VOL,84.4
2026-04-02 12:09:00.104513,2026-04-02 12:07:00,12:09,12:07,^NSEI,2026,4,2,3,12,7,1,22251.1,22252.2,22244.55,22248.6,0.0,22248.45,22230.52,7.65,-0.0112,-0.000146,32.68,1.1,4.05,1.000344,4,0,0,5,OK_NO_VOL,104.0
2026-04-02 12:10:00.087194,2026-04-02 12:08:00,12:10,12:08,^NSEI,2026,4,2,3,12,8,1,22249.3,22266.05,22246.55,22264.35,0.0,22258.98,22230.69,19.5,0.0676,0.000708,77.17,1.7,2.75,1.000877,4,0,0,5,OK_NO_VOL,86.7
2026-04-02 12:11:00.104074,2026-04-02 12:09:00,12:11,12:09,^NSEI,2026,4,2,3,12,9,1,22263.9,22268.35,22261.6,22262.4,0.0,22264.12,22230.88,6.75,-0.0067,-8.8e-05,22.22,4.45,0.8,1.000303,4,0,0,5,OK_NO_VOL,103.6
2026-04-02 12:12:00.152830,2026-04-02 12:10:00,12:12,12:10,^NSEI,2026,4,2,3,12,10,1,22264.3,22269.15,22263.15,22267.4,0.0,22266.57,22231.08,6.0,0.0139,0.000225,51.66,1.75,1.15,1.00027,4,0,0,5,OK_NO_VOL,152.4
2026-04-02 12:13:00.147600,2026-04-02 12:11:00,12:13,12:11,^NSEI,2026,4,2,3,12,11,1,22266.65,22277.4,22266.65,22267.75,0.0,22270.6,22231.3,10.75,0.0049,1.6e-05,10.23,9.65,0.0,1.000483,4,0,0,5,OK_NO_VOL,147.2
2026-04-02 12:14:00.155086,2026-04-02 12:12:00,12:14,12:12,^NSEI,2026,4,2,3,12,12,1,22267.1,22272.6,22264.0,22267.85,0.0,22268.15,22231.51,8.6,0.0034,4e-06,8.72,4.75,3.1,1.000386,4,0,0,5,OK_NO_VOL,154.6
2026-04-02 12:15:00.169236,2026-04-02 12:13:00,12:15,12:13,^NSEI,2026,4,2,3,12,13,1,22269.2,22273.25,22263.7,22263.85,0.0,22266.93,22231.71,9.55,-0.024,-0.00018,56.02,4.05,0.15,1.000429,4,0,0,5,OK_NO_VOL,168.8
2026-04-02 12:16:00.098583,2026-04-02 12:14:00,12:16,12:14,^NSEI,2026,4,2,3,12,14,1,22264.0,22268.5,22259.05,22267.0,0.0,22264.85,22231.89,9.45,0.0135,0.000141,31.75,1.5,4.95,1.000425,4,0,0,5,OK_NO_VOL,98.1
2026-04-02 12:17:00.141810,2026-04-02 12:15:00,12:17,12:15,^NSEI,2026,4,2,3,12,15,1,22267.85,22269.8,22262.6,22266.25,0.0,22266.22,22232.08,7.2,-0.0072,-3.4e-05,22.22,1.95,3.65,1.000323,4,0,0,5,OK_NO_VOL,141.4
2026-04-02 12:18:00.104671,2026-04-02 12:16:00,12:18,12:16,^NSEI,2026,4,2,3,12,16,1,22266.95,22267.85,22261.15,22263.6,0.0,22264.2,22232.26,6.7,-0.015,-0.000119,49.99,0.9,2.45,1.000301,4,0,0,5,OK_NO_VOL,104.3
2026-04-02 12:19:00.177938,2026-04-02 12:17:00,12:19,12:17,^NSEI,2026,4,2,3,12,17,1,22262.65,22264.55,22257.3,22261.9,0.0,22261.25,22232.42,7.25,-0.0034,-7.6e-05,10.34,1.9,4.6,1.000326,4,0,0,5,OK_NO_VOL,177.5
2026-04-02 12:20:00.129911,2026-04-02 12:18:00,12:20,12:18,^NSEI,2026,4,2,3,12,18,1,22262.15,22272.05,22262.15,22268.85,0.0,22267.68,22232.61,9.9,0.0301,0.000312,67.67,3.2,0.0,1.000445,4,0,0,5,OK_NO_VOL,129.5
2026-04-02 12:21:00.156334,2026-04-02 12:19:00,12:21,12:19,^NSEI,2026,4,2,3,12,19,1,22269.05,22272.45,22256.9,22261.65,0.0,22263.67,22232.78,15.55,-0.0332,-0.000323,47.59,3.4,4.75,1.000699,4,0,0,5,OK_NO_VOL,155.9
2026-04-02 12:22:00.083816,2026-04-02 12:20:00,12:22,12:20,^NSEI,2026,4,2,3,12,20,1,22261.45,22266.2,22250.95,22251.45,0.0,22256.2,22232.9,15.25,-0.0449,-0.000458,65.57,4.75,0.5,1.000685,4,0,0,5,OK_NO_VOL,83.4
2026-04-02 12:23:00.155615,2026-04-02 12:21:00,12:23,12:21,^NSEI,2026,4,2,3,12,21,1,22250.7,22253.2,22231.25,22243.0,0.0,22242.48,22232.95,21.95,-0.0346,-0.00038,35.08,2.5,11.75,1.000987,4,0,0,5,OK_NO_VOL,155.1
2026-04-02 12:24:00.105538,2026-04-02 12:22:00,12:24,12:22,^NSEI,2026,4,2,3,12,22,1,22242.05,22252.15,22236.95,22248.4,0.0,22245.83,22233.02,15.2,0.0285,0.000243,41.77,3.75,5.1,1.000684,4,0,0,5,OK_NO_VOL,105.1
2026-04-02 12:25:00.156501,2026-04-02 12:23:00,12:25,12:23,^NSEI,2026,4,2,3,12,23,1,22249.6,22256.05,22246.65,22253.5,0.0,22252.07,22233.12,9.4,0.0175,0.000229,41.49,2.55,2.95,1.000423,4,0,0,5,OK_NO_VOL,156.1
2026-04-02 12:26:00.157693,2026-04-02 12:24:00,12:26,12:24,^NSEI,2026,4,2,3,12,24,1,22254.55,22265.85,22254.55,22261.65,0.0,22260.68,22233.27,11.3,0.0319,0.000366,62.83,4.2,0.0,1.000508,4,0,0,5,OK_NO_VOL,157.3
2026-04-02 12:27:00.097940,2026-04-02 12:25:00,12:27,12:25,^NSEI,2026,4,2,3,12,25,1,22258.9,22264.65,22255.7,22260.95,0.0,22260.43,22233.41,8.95,0.0092,-3.1e-05,22.89,3.7,3.2,1.000402,4,0,0,5,OK_NO_VOL,97.5
2026-04-02 12:28:00.085395,2026-04-02 12:26:00,12:28,12:26,^NSEI,2026,4,2,3,12,26,1,22260.75,22285.05,22259.15,22281.6,0.0,22275.27,22233.63,25.9,0.0937,0.000927,80.5,3.45,1.6,1.001164,4,0,0,5,OK_NO_VOL,84.9
2026-04-02 12:29:00.134406,2026-04-02 12:27:00,12:29,12:27,^NSEI,2026,4,2,3,12,27,1,22281.25,22281.35,22268.4,22268.8,0.0,22272.85,22233.83,12.95,-0.0559,-0.000575,96.13,0.1,0.4,1.000582,4,0,0,5,OK_NO_VOL,134.0
2026-04-02 12:30:00.136571,2026-04-02 12:28:00,12:30,12:28,^NSEI,2026,4,2,3,12,28,1,22268.65,22275.7,22268.45,22275.7,0.0,22273.28,22234.04,7.25,0.0317,0.00031,97.23,0.0,0.2,1.000326,4,0,0,5,OK_NO_VOL,136.1
2026-04-02 12:31:00.165230,2026-04-02 12:29:00,12:31,12:29,^NSEI,2026,4,2,3,12,29,1,22275.25,22295.0,22274.85,22295.0,0.0,22288.28,22234.31,20.15,0.0887,0.000866,98.01,0.0,0.4,1.000905,4,0,0,5,OK_NO_VOL,164.8
2026-04-02 12:32:00.084049,2026-04-02 12:30:00,12:32,12:30,^NSEI,2026,4,2,3,12,30,1,22294.5,22301.9,22293.2,22297.6,0.0,22297.57,22234.64,8.7,0.0139,0.000117,35.63,4.3,1.3,1.00039,4,0,0,5,OK_NO_VOL,83.6
2026-04-02 12:33:00.126012,2026-04-02 12:31:00,12:33,12:31,^NSEI,2026,4,2,3,12,31,1,22300.45,22303.8,22285.15,22292.9,0.0,22293.95,22234.94,18.65,-0.0339,-0.000211,40.48,3.35,7.75,1.000837,4,0,0,5,OK_NO_VOL,125.6
2026-04-02 12:34:00.125369,2026-04-02 12:32:00,12:34,12:32,^NSEI,2026,4,2,3,12,32,1,22291.5,22308.05,22290.65,22308.05,0.0,22302.25,22235.28,17.4,0.0742,0.000679,95.12,0.0,0.85,1.000781,4,0,0,5,OK_NO_VOL,124.9
2026-04-02 12:35:00.130730,2026-04-02 12:33:00,12:35,12:33,^NSEI,2026,4,2,3,12,33,1,22309.0,22319.45,22309.0,22316.2,0.0,22314.88,22235.68,10.45,0.0323,0.000365,68.89,3.25,0.0,1.000468,4,0,0,5,OK_NO_VOL,129.3
2026-04-02 12:36:00.136093,2026-04-02 12:34:00,12:36,12:34,^NSEI,2026,4,2,3,12,34,1,22316.2,22317.65,22313.15,22316.55,0.0,22315.78,22236.08,4.5,0.0016,1.6e-05,7.81,1.1,3.05,1.000202,4,0,0,5,OK_NO_VOL,135.6
2026-04-02 12:37:00.179487,2026-04-02 12:35:00,12:37,12:35,^NSEI,2026,4,2,3,12,35,1,22316.45,22329.6,22307.7,22326.2,0.0,22321.17,22236.5,21.9,0.0437,0.000432,44.52,3.4,8.75,1.000982,4,0,0,5,OK_NO_VOL,179.1
2026-04-02 12:38:00.088407,2026-04-02 12:36:00,12:38,12:36,^NSEI,2026,4,2,3,12,36,1,22324.6,22345.45,22324.6,22344.0,0.0,22338.02,22237.0,20.85,0.0869,0.000797,93.05,1.45,0.0,1.000934,4,0,0,5,OK_NO_VOL,87.7
2026-04-02 12:39:00.145280,2026-04-02 12:37:00,12:39,12:37,^NSEI,2026,4,2,3,12,37,1,22345.1,22360.5,22343.3,22344.6,0.0,22349.47,22237.56,17.2,-0.0022,2.7e-05,2.91,15.4,1.3,1.00077,4,0,0,5,OK_NO_VOL,144.8
2026-04-02 12:40:00.136188,2026-04-02 12:38:00,12:40,12:38,^NSEI,2026,4,2,3,12,38,1,22344.75,22356.8,22342.3,22356.55,0.0,22351.88,22238.12,14.5,0.0528,0.000535,81.38,0.25,2.45,1.000649,4,0,0,5,OK_NO_VOL,135.7
2026-04-02 12:41:00.126482,2026-04-02 12:39:00,12:41,12:39,^NSEI,2026,4,2,3,12,39,1,22357.35,22360.75,22348.6,22348.6,0.0,22352.65,22238.68,12.15,-0.0391,-0.000356,72.02,3.4,0.0,1.000544,4,0,0,5,OK_NO_VOL,126.0
2026-04-02 12:42:00.107298,2026-04-02 12:40:00,12:42,12:40,^NSEI,2026,4,2,3,12,40,1,22349.3,22356.2,22348.75,22354.2,0.0,22353.05,22239.23,7.45,0.0219,0.000251,65.75,2.0,0.55,1.000333,4,0,0,5,OK_NO_VOL,106.8
2026-04-02 12:43:00.148117,2026-04-02 12:41:00,12:43,12:41,^NSEI,2026,4,2,3,12,41,1,22354.95,22360.45,22350.9,22357.2,0.0,22356.18,22239.8,9.55,0.0101,0.000134,23.56,3.25,4.05,1.000427,4,0,0,5,OK_NO_VOL,147.6
2026-04-02 12:44:00.146286,2026-04-02 12:42:00,12:44,12:42,^NSEI,2026,4,2,3,12,42,1,22358.4,22361.85,22334.3,22339.2,0.0,22345.12,22240.3,27.55,-0.0859,-0.000805,69.7,3.45,4.9,1.001233,4,0,0,5,OK_NO_VOL,145.9
2026-04-02 12:45:00.105532,2026-04-02 12:43:00,12:45,12:43,^NSEI,2026,4,2,3,12,43,1,22339.2,22362.65,22338.95,22362.6,0.0,22354.73,22240.85,23.7,0.1048,0.001047,98.74,0.05,0.25,1.001061,4,0,0,5,OK_NO_VOL,105.1
2026-04-02 12:46:00.111061,2026-04-02 12:44:00,12:46,12:44,^NSEI,2026,4,2,3,12,44,1,22363.45,22368.1,22360.45,22361.85,0.0,22363.47,22241.43,7.65,-0.0072,-3.4e-05,20.91,4.65,1.4,1.000342,4,0,0,5,OK_NO_VOL,110.6
2026-04-02 12:47:00.089213,2026-04-02 12:45:00,12:47,12:45,^NSEI,2026,4,2,3,12,45,1,22363.05,22365.15,22356.45,22358.45,0.0,22360.02,22242.0,8.7,-0.0206,-0.000152,52.89,2.1,2.0,1.000389,4,0,0,5,OK_NO_VOL,88.8
2026-04-02 12:48:00.135595,2026-04-02 12:46:00,12:48,12:46,^NSEI,2026,4,2,3,12,46,1,22359.15,22359.45,22336.65,22340.6,0.0,22345.57,22242.49,22.8,-0.083,-0.000799,81.36,0.3,3.95,1.001021,4,0,0,5,OK_NO_VOL,135.2
2026-04-02 12:49:00.106333,2026-04-02 12:47:00,12:49,12:47,^NSEI,2026,4,2,3,12,47,1,22341.9,22353.0,22339.85,22351.7,0.0,22348.18,22242.98,13.15,0.0439,0.000497,74.52,1.3,2.05,1.000589,4,0,0,5,OK_NO_VOL,105.9
2026-04-02 12:50:00.140604,2026-04-02 12:48:00,12:50,12:48,^NSEI,2026,4,2,3,12,48,1,22351.9,22360.9,22349.95,22360.1,0.0,22356.98,22243.51,10.95,0.0367,0.000376,74.88,0.8,1.95,1.00049,4,0,0,5,OK_NO_VOL,140.2
2026-04-02 12:51:00.157683,2026-04-02 12:49:00,12:51,12:49,^NSEI,2026,4,2,3,12,49,1,22358.65,22367.05,22349.5,22350.9,0.0,22355.82,22244.04,17.55,-0.0347,-0.000412,44.16,8.4,1.4,1.000785,4,0,0,5,OK_NO_VOL,157.0
2026-04-02 12:52:00.084113,2026-04-02 12:50:00,12:52,12:50,^NSEI,2026,4,2,3,12,50,1,22351.15,22362.95,22350.4,22352.45,0.0,22355.27,22244.55,12.55,0.0058,6.9e-05,10.35,10.5,0.75,1.000561,4,0,0,5,OK_NO_VOL,83.6
2026-04-02 12:53:00.175210,2026-04-02 12:51:00,12:53,12:51,^NSEI,2026,4,2,3,12,51,1,22350.2,22354.8,22344.6,22345.85,0.0,22348.42,22245.03,10.2,-0.0195,-0.000295,42.64,4.6,1.25,1.000457,4,0,0,5,OK_NO_VOL,174.8
2026-04-02 12:54:00.126071,2026-04-02 12:52:00,12:54,12:52,^NSEI,2026,4,2,3,12,52,1,22346.8,22349.2,22335.6,22338.9,0.0,22341.23,22245.47,13.6,-0.0354,-0.000311,58.09,2.4,3.3,1.000609,4,0,0,5,OK_NO_VOL,125.6
2026-04-02 12:55:00.144622,2026-04-02 12:53:00,12:55,12:53,^NSEI,2026,4,2,3,12,53,1,22335.3,22342.2,22333.75,22336.05,0.0,22337.33,22245.89,8.45,0.0034,-0.000128,8.88,6.15,1.55,1.000378,4,0,0,5,OK_NO_VOL,144.2
2026-04-02 12:56:00.147312,2026-04-02 12:54:00,12:56,12:54,^NSEI,2026,4,2,3,12,54,1,22335.4,22338.2,22323.55,22324.65,0.0,22328.8,22246.27,14.65,-0.0481,-0.00051,73.38,2.8,1.1,1.000656,4,0,0,5,OK_NO_VOL,146.9
2026-04-02 12:57:00.126484,2026-04-02 12:55:00,12:57,12:55,^NSEI,2026,4,2,3,12,55,1,22326.25,22345.1,22325.2,22343.85,0.0,22338.05,22246.68,19.9,0.0788,0.00086,88.44,1.25,1.05,1.000891,4,0,0,5,OK_NO_VOL,126.0
2026-04-02 12:58:00.167386,2026-04-02 12:56:00,12:58,12:56,^NSEI,2026,4,2,3,12,56,1,22344.85,22354.4,22339.4,22345.3,0.0,22346.37,22247.13,15.0,0.002,6.5e-05,3.01,9.1,5.45,1.000671,4,0,0,5,OK_NO_VOL,166.9
2026-04-02 12:59:00.097576,2026-04-02 12:57:00,12:59,12:57,^NSEI,2026,4,2,3,12,57,1,22343.9,22360.5,22343.9,22360.4,0.0,22354.93,22247.62,16.6,0.0738,0.000676,99.4,0.1,0.0,1.000743,4,0,0,5,OK_NO_VOL,97.2
2026-04-02 13:00:00.086456,2026-04-02 12:58:00,13:00,12:58,^NSEI,2026,4,2,3,12,58,1,22360.8,22371.7,22356.15,22366.35,0.0,22364.73,22248.14,15.55,0.0248,0.000266,35.68,5.35,4.65,1.000696,4,0,0,5,OK_NO_VOL,86.1
2026-04-02 13:01:00.184666,2026-04-02 12:59:00,13:01,12:59,^NSEI,2026,4,2,3,12,59,1,22366.05,22370.3,22361.25,22364.8,0.0,22365.45,22248.66,9.05,-0.0056,-6.9e-05,13.81,4.25,3.55,1.000405,4,0,0,5,OK_NO_VOL,184.2
2026-04-02 13:02:00.085900,2026-04-02 13:00:00,13:02,13:00,^NSEI,2026,4,2,3,13,0,1,22365.3,22388.6,22364.85,22386.35,0.0,22379.93,22249.24,23.75,0.0941,0.000963,88.63,2.25,0.45,1.001062,5,0,0,5,OK_NO_VOL,85.5
2026-04-02 13:03:00.100510,2026-04-02 13:01:00,13:03,13:01,^NSEI,2026,4,2,3,13,1,1,22386.95,22404.7,22386.75,22403.65,0.0,22398.37,22249.9,17.95,0.0746,0.000773,93.04,1.05,0.2,1.000802,5,0,0,5,OK_NO_VOL,100.1
2026-04-02 13:04:00.138581,2026-04-02 13:02:00,13:04,13:02,^NSEI,2026,4,2,3,13,2,1,22404.05,22405.2,22393.25,22396.75,0.0,22398.4,22250.55,11.95,-0.0326,-0.000308,61.09,1.15,3.5,1.000534,5,0,0,5,OK_NO_VOL,138.2
2026-04-02 13:05:00.132655,2026-04-02 13:03:00,13:05,13:03,^NSEI,2026,4,2,3,13,3,1,22397.25,22398.15,22375.3,22376.05,0.0,22383.17,22251.13,22.85,-0.0947,-0.000925,92.78,0.9,0.75,1.001021,5,0,0,5,OK_NO_VOL,132.2
2026-04-02 13:06:00.084066,2026-04-02 13:04:00,13:06,13:04,^NSEI,2026,4,2,3,13,4,1,22376.25,22376.25,22368.7,22373.35,0.0,22372.77,22251.66,7.55,-0.013,-0.000121,38.42,0.0,4.65,1.000338,5,0,0,5,OK_NO_VOL,83.6
2026-04-02 13:07:00.094614,2026-04-02 13:05:00,13:07,13:05,^NSEI,2026,4,2,3,13,5,1,22372.9,22377.3,22366.6,22366.6,0.0,22370.17,22252.17,10.7,-0.0282,-0.000302,58.89,4.4,0.0,1.000478,5,0,0,5,OK_NO_VOL,94.2
2026-04-02 13:08:00.098060,2026-04-02 13:06:00,13:08,13:06,^NSEI,2026,4,2,3,13,6,1,22367.5,22368.0,22345.7,22347.4,0.0,22353.7,22252.61,22.3,-0.0899,-0.000859,90.13,0.5,1.7,1.000998,5,0,0,5,OK_NO_VOL,97.6
2026-04-02 13:09:00.105465,2026-04-02 13:07:00,13:09,13:07,^NSEI,2026,4,2,3,13,7,1,22347.9,22348.2,22330.9,22336.3,0.0,22338.47,22252.98,17.3,-0.0519,-0.000497,67.05,0.3,5.4,1.000775,5,0,0,5,OK_NO_VOL,105.0
2026-04-02 13:10:00.085235,2026-04-02 13:08:00,13:10,13:08,^NSEI,2026,4,2,3,13,8,1,22335.25,22375.1,22335.25,22374.15,0.0,22361.5,22253.44,39.85,0.1742,0.001693,97.62,0.95,0.0,1.001784,5,0,0,5,OK_NO_VOL,84.8
2026-04-02 13:11:00.109271,2026-04-02 13:09:00,13:11,13:09,^NSEI,2026,4,2,3,13,9,1,22374.25,22378.75,22371.8,22376.8,0.0,22375.78,22253.96,6.95,0.0114,0.000118,36.7,1.95,2.45,1.000311,5,0,0,5,OK_NO_VOL,108.8
2026-04-02 13:12:00.085749,2026-04-02 13:10:00,13:12,13:10,^NSEI,2026,4,2,3,13,10,1,22376.8,22376.9,22359.9,22361.55,0.0,22366.12,22254.44,17.0,-0.0682,-0.000682,89.71,0.1,1.65,1.00076,5,0,0,5,OK_NO_VOL,85.3
2026-04-02 13:13:00.124384,2026-04-02 13:11:00,13:13,13:11,^NSEI,2026,4,2,3,13,11,1,22362.85,22375.95,22359.0,22363.25,0.0,22366.07,22254.91,16.95,0.0018,7.6e-05,2.36,12.7,3.85,1.000758,5,0,0,5,OK_NO_VOL,123.9
2026-04-02 13:14:00.134362,2026-04-02 13:12:00,13:14,13:12,^NSEI,2026,4,2,3,13,12,1,22363.05,22365.2,22357.85,22362.8,0.0,22361.95,22255.36,7.35,-0.0011,-2e-05,3.4,2.15,4.95,1.000329,5,0,0,5,OK_NO_VOL,133.9
2026-04-02 13:15:00.104239,2026-04-02 13:13:00,13:15,13:13,^NSEI,2026,4,2,3,13,13,1,22362.75,22373.55,22355.35,22357.75,0.0,22362.22,22255.8,18.2,-0.0224,-0.000226,27.47,10.8,2.4,1.000814,5,0,0,5,OK_NO_VOL,103.7
2026-04-02 13:16:00.174797,2026-04-02 13:14:00,13:16,13:14,^NSEI,2026,4,2,3,13,14,1,22355.9,22371.75,22355.9,22369.85,0.0,22365.83,22256.26,15.85,0.0624,0.000541,88.01,1.9,0.0,1.000709,5,0,0,5,OK_NO_VOL,174.4
2026-04-02 13:17:00.126186,2026-04-02 13:15:00,13:17,13:15,^NSEI,2026,4,2,3,13,15,1,22368.5,22377.3,22368.25,22371.9,0.0,22372.48,22256.74,9.05,0.0152,9.2e-05,37.57,5.4,0.25,1.000405,5,0,0,5,OK_NO_VOL,125.7
2026-04-02 13:18:00.136341,2026-04-02 13:16:00,13:18,13:16,^NSEI,2026,4,2,3,13,16,1,22372.2,22373.15,22360.3,22362.2,0.0,22365.22,22257.19,12.85,-0.0447,-0.000434,77.82,0.95,1.9,1.000575,5,0,0,5,OK_NO_VOL,135.9
2026-04-02 13:19:00.185170,2026-04-02 13:17:00,13:19,13:17,^NSEI,2026,4,2,3,13,17,1,22362.5,22377.6,22360.9,22377.45,0.0,22371.98,22257.66,16.7,0.0668,0.000682,89.52,0.15,1.6,1.000747,5,0,0,5,OK_NO_VOL,184.7
2026-04-02 13:20:00.136171,2026-04-02 13:18:00,13:20,13:18,^NSEI,2026,4,2,3,13,18,1,22377.45,22390.15,22377.45,22387.25,0.0,22384.95,22258.19,12.7,0.0438,0.000438,77.17,2.9,0.0,1.000568,5,0,0,5,OK_NO_VOL,135.7
2026-04-02 13:21:00.104224,2026-04-02 13:19:00,13:21,13:19,^NSEI,2026,4,2,3,13,19,1,22386.9,22394.65,22386.65,22389.1,0.0,22390.13,22258.73,8.0,0.0098,8.3e-05,27.49,5.55,0.25,1.000357,5,0,0,5,OK_NO_VOL,103.7
2026-04-02 13:22:00.095510,2026-04-02 13:20:00,13:22,13:20,^NSEI,2026,4,2,3,13,20,1,22388.45,22393.65,22385.65,22388.6,0.0,22389.3,22259.26,8.0,0.0007,-2.2e-05,1.88,5.05,2.8,1.000357,5,0,0,5,OK_NO_VOL,95.0
2026-04-02 13:23:00.096304,2026-04-02 13:21:00,13:23,13:21,^NSEI,2026,4,2,3,13,21,1,22388.3,22424.75,22386.35,22420.95,0.0,22410.68,22259.87,38.4,0.1458,0.001444,85.02,3.8,1.95,1.001715,5,0,0,5,OK_NO_VOL,95.9
2026-04-02 13:24:00.085543,2026-04-02 13:22:00,13:24,13:22,^NSEI,2026,4,2,3,13,22,1,22419.8,22423.55,22413.2,22414.2,0.0,22416.98,22260.5,10.35,-0.025,-0.000301,54.12,3.75,1.0,1.000462,5,0,0,5,OK_NO_VOL,85.1
2026-04-02 13:25:00.125504,2026-04-02 13:23:00,13:25,13:23,^NSEI,2026,4,2,3,13,23,1,22414.1,22432.65,22413.4,22429.5,0.0,22425.18,22261.16,19.25,0.0687,0.000682,80.0,3.15,0.7,1.000859,5,0,0,5,OK_NO_VOL,125.1
2026-04-02 13:26:00.083542,2026-04-02 13:24:00,13:26,13:24,^NSEI,2026,4,2,3,13,24,1,22428.3,22439.65,22423.65,22439.65,0.0,22434.32,22261.86,16.0,0.0506,0.000452,70.94,0.0,4.65,1.000714,5,0,0,5,OK_NO_VOL,83.1
2026-04-02 13:27:00.124083,2026-04-02 13:25:00,13:27,13:25,^NSEI,2026,4,2,3,13,25,1,22439.75,22447.1,22421.05,22431.35,0.0,22433.17,22262.54,26.05,-0.0374,-0.00037,32.25,7.35,10.3,1.001162,5,0,0,5,OK_NO_VOL,123.6
2026-04-02 13:28:00.114970,2026-04-02 13:26:00,13:28,13:26,^NSEI,2026,4,2,3,13,26,1,22432.0,22446.3,22425.3,22444.95,0.0,22438.85,22263.24,21.0,0.0577,0.000606,61.66,1.35,6.7,1.000936,5,0,0,5,OK_NO_VOL,114.5
2026-04-02 13:29:00.155367,2026-04-02 13:27:00,13:29,13:27,^NSEI,2026,4,2,3,13,27,1,22444.0,22451.85,22444.0,22451.05,0.0,22448.97,22263.97,7.85,0.0314,0.000272,89.82,0.8,0.0,1.00035,5,0,0,5,OK_NO_VOL,154.9
2026-04-02 13:30:00.183119,2026-04-02 13:28:00,13:30,13:28,^NSEI,2026,4,2,3,13,28,1,22455.05,22464.0,22453.55,22461.75,0.0,22459.77,22264.74,10.45,0.0298,0.000476,64.11,2.25,1.5,1.000465,5,0,0,5,OK_NO_VOL,182.6
2026-04-02 13:31:00.101017,2026-04-02 13:29:00,13:31,13:29,^NSEI,2026,4,2,3,13,29,1,22463.5,22488.25,22463.5,22488.25,0.0,22480.0,22265.59,24.75,0.1102,0.001179,100.0,0.0,0.0,1.001102,5,0,0,5,OK_NO_VOL,100.6
2026-04-02 13:32:00.104445,2026-04-02 13:30:00,13:32,13:30,^NSEI,2026,4,2,3,13,30,1,22488.45,22502.4,22484.85,22494.2,0.0,22493.82,22266.48,17.55,0.0256,0.000265,32.76,8.2,3.6,1.000781,5,0,0,5,OK_NO_VOL,104.0
2026-04-02 13:33:00.085834,2026-04-02 13:31:00,13:33,13:31,^NSEI,2026,4,2,3,13,31,1,22494.35,22501.4,22478.8,22478.8,0.0,22486.33,22267.33,22.6,-0.0691,-0.000685,68.8,7.05,0.0,1.001005,5,0,0,5,OK_NO_VOL,85.4
2026-04-02 13:34:00.185199,2026-04-02 13:32:00,13:34,13:32,^NSEI,2026,4,2,3,13,32,1,22477.1,22482.0,22458.0,22478.0,0.0,22472.67,22268.13,24.0,0.004,-3.6e-05,3.75,4.0,19.1,1.001069,5,0,0,5,OK_NO_VOL,184.8
2026-04-02 13:35:00.087485,2026-04-02 13:33:00,13:35,13:33,^NSEI,2026,4,2,3,13,33,1,22478.05,22483.15,22475.5,22479.2,0.0,22479.28,22268.95,7.65,0.0051,5.3e-05,15.01,3.95,2.55,1.00034,5,0,0,5,OK_NO_VOL,87.0
2026-04-02 13:36:00.146481,2026-04-02 13:34:00,13:36,13:34,^NSEI,2026,4,2,3,13,34,1,22479.35,22494.35,22475.05,22491.8,0.0,22487.07,22269.78,19.3,0.0554,0.00056,64.51,2.55,4.3,1.000859,5,0,0,5,OK_NO_VOL,146.0
2026-04-02 13:37:00.087204,2026-04-02 13:35:00,13:37,13:35,^NSEI,2026,4,2,3,13,35,1,22491.0,22492.1,22465.7,22466.1,0.0,22474.63,22270.57,26.4,-0.1107,-0.001143,94.32,1.1,0.4,1.001175,5,0,0,5,OK_NO_VOL,86.8
2026-04-02 13:38:00.155411,2026-04-02 13:36:00,13:38,13:36,^NSEI,2026,4,2,3,13,36,1,22465.15,22490.95,22465.15,22490.75,0.0,22482.28,22271.38,25.8,0.114,0.001097,99.22,0.2,0.0,1.001148,5,0,0,5,OK_NO_VOL,155.0
2026-04-02 13:39:00.136454,2026-04-02 13:37:00,13:39,13:37,^NSEI,2026,4,2,3,13,37,1,22488.7,22510.2,22488.7,22505.95,0.0,22501.62,22272.25,21.5,0.0767,0.000676,80.23,4.25,0.0,1.000956,5,0,0,5,OK_NO_VOL,136.0
2026-04-02 13:40:00.105092,2026-04-02 13:38:00,13:40,13:38,^NSEI,2026,4,2,3,13,38,1,22506.3,22515.8,22506.2,22514.35,0.0,22512.12,22273.16,9.6,0.0358,0.000373,83.84,1.45,0.1,1.000427,5,0,0,5,OK_NO_VOL,104.7
2026-04-02 13:41:00.085397,2026-04-02 13:39:00,13:41,13:39,^NSEI,2026,4,2,3,13,39,1,22514.95,22522.65,22509.05,22517.8,0.0,22516.5,22274.08,13.6,0.0127,0.000153,20.97,4.85,5.9,1.000604,5,0,0,5,OK_NO_VOL,84.9
2026-04-02 13:42:00.107342,2026-04-02 13:40:00,13:42,13:40,^NSEI,2026,4,2,3,13,40,1,22519.15,22538.95,22517.25,22527.05,0.0,22527.75,22275.03,21.7,0.0351,0.000411,36.41,11.9,1.9,1.000964,5,0,0,5,OK_NO_VOL,106.9
2026-04-02 13:43:00.085568,2026-04-02 13:41:00,13:43,13:41,^NSEI,2026,4,2,3,13,41,1,22526.7,22528.1,22513.4,22515.65,0.0,22519.05,22275.95,14.7,-0.049,-0.000506,75.16,1.4,2.25,1.000653,5,0,0,5,OK_NO_VOL,85.1
2026-04-02 13:44:00.103656,2026-04-02 13:42:00,13:44,13:42,^NSEI,2026,4,2,3,13,42,1,22516.75,22528.4,22515.0,22528.1,0.0,22523.83,22276.87,13.4,0.0504,0.000553,84.7,0.3,1.75,1.000595,5,0,0,5,OK_NO_VOL,103.2
2026-04-02 13:45:00.084564,2026-04-02 13:43:00,13:45,13:43,^NSEI,2026,4,2,3,13,43,1,22527.05,22534.35,22523.95,22532.5,0.0,22530.27,22277.81,10.4,0.0242,0.000195,52.4,1.85,3.1,1.000462,5,0,0,5,OK_NO_VOL,84.1
2026-04-02 13:46:00.104099,2026-04-02 13:44:00,13:46,13:44,^NSEI,2026,4,2,3,13,44,1,22533.55,22543.3,22533.35,22535.65,0.0,22537.43,22278.78,9.95,0.0093,0.00014,21.1,7.65,0.2,1.000442,5,0,0,5,OK_NO_VOL,103.6
2026-04-02 13:47:00.126986,2026-04-02 13:45:00,13:47,13:45,^NSEI,2026,4,2,3,13,45,1,22537.8,22545.7,22536.9,22542.85,0.0,22541.82,22279.75,8.8,0.0224,0.000319,57.37,2.85,0.9,1.00039,5,0,0,5,OK_NO_VOL,126.4
2026-04-02 13:48:00.086767,2026-04-02 13:46:00,13:48,13:46,^NSEI,2026,4,2,3,13,46,1,22544.35,22560.1,22544.3,22556.3,0.0,22553.57,22280.75,15.8,0.053,0.000596,75.64,3.8,0.05,1.000701,5,0,0,5,OK_NO_VOL,86.3
2026-04-02 13:49:00.186805,2026-04-02 13:47:00,13:49,13:47,^NSEI,2026,4,2,3,13,47,1,22556.2,22556.2,22539.35,22546.55,0.0,22547.37,22281.73,16.85,-0.0428,-0.000432,57.26,0.0,7.2,1.000748,5,0,0,5,OK_NO_VOL,186.4
2026-04-02 13:50:00.134923,2026-04-02 13:48:00,13:50,13:48,^NSEI,2026,4,2,3,13,48,1,22546.45,22546.45,22524.9,22528.3,0.0,22533.22,22282.65,21.55,-0.0805,-0.00081,84.22,0.0,3.4,1.000957,5,0,0,5,OK_NO_VOL,134.5
2026-04-02 13:51:00.146661,2026-04-02 13:49:00,13:51,13:49,^NSEI,2026,4,2,3,13,49,1,22527.55,22537.75,22524.5,22533.8,0.0,22532.02,22283.55,13.25,0.0277,0.000244,47.17,3.95,3.05,1.000588,5,0,0,5,OK_NO_VOL,146.2
2026-04-02 13:52:00.135573,2026-04-02 13:50:00,13:52,13:50,^NSEI,2026,4,2,3,13,50,1,22533.55,22540.2,22524.7,22539.55,0.0,22534.82,22284.46,15.5,0.0266,0.000255,38.71,0.65,8.85,1.000688,5,0,0,5,OK_NO_VOL,134.3
2026-04-02 13:53:00.147784,2026-04-02 13:51:00,13:53,13:51,^NSEI,2026,4,2,3,13,51,1,22538.95,22539.85,22519.1,22520.85,0.0,22526.6,22285.34,20.75,-0.0803,-0.00083,87.23,0.9,1.75,1.000921,5,0,0,5,OK_NO_VOL,147.3
2026-04-02 13:54:00.136112,2026-04-02 13:52:00,13:54,13:52,^NSEI,2026,4,2,3,13,52,1,22520.75,22540.8,22520.35,22539.3,0.0,22533.48,22286.23,20.45,0.0824,0.000819,90.71,1.5,0.4,1.000908,5,0,0,5,OK_NO_VOL,135.4
2026-04-02 13:55:00.176085,2026-04-02 13:53:00,13:55,13:53,^NSEI,2026,4,2,3,13,53,1,22537.9,22560.2,22537.55,22557.85,0.0,22551.87,22287.18,22.65,0.0885,0.000823,88.08,2.35,0.35,1.001005,5,0,0,5,OK_NO_VOL,175.6
2026-04-02 13:56:00.114665,2026-04-02 13:54:00,13:56,13:54,^NSEI,2026,4,2,3,13,54,1,22557.2,22558.7,22531.65,22532.05,0.0,22540.8,22288.09,27.05,-0.1115,-0.001144,92.97,1.5,0.4,1.0012,5,0,0,5,OK_NO_VOL,114.2
2026-04-02 13:57:00.106543,2026-04-02 13:55:00,13:57,13:55,^NSEI,2026,4,2,3,13,55,1,22530.15,22538.45,22525.0,22530.2,0.0,22531.22,22288.95,13.45,0.0002,-8.2e-05,0.36,8.25,5.15,1.000597,5,0,0,5,OK_NO_VOL,106.1
2026-04-02 13:58:00.105562,2026-04-02 13:56:00,13:58,13:56,^NSEI,2026,4,2,3,13,56,1,22530.1,22534.35,22522.55,22527.8,0.0,22528.23,22289.8,11.8,-0.0102,-0.000106,19.48,4.25,5.25,1.000524,5,0,0,5,OK_NO_VOL,105.1
2026-04-02 13:59:00.127827,2026-04-02 13:57:00,13:59,13:57,^NSEI,2026,4,2,3,13,57,1,22526.4,22529.5,22505.4,22506.25,0.0,22513.72,22290.59,24.1,-0.0895,-0.000957,83.61,3.1,0.85,1.001071,5,0,0,5,OK_NO_VOL,127.4
2026-04-02 14:00:00.125377,2026-04-02 13:58:00,14:00,13:58,^NSEI,2026,4,2,3,13,58,1,22503.45,22520.45,22493.8,22518.15,0.0,22510.8,22291.37,26.65,0.0653,0.000529,55.16,2.3,9.65,1.001185,5,0,0,5,OK_NO_VOL,124.9
2026-04-02 14:01:00.093500,2026-04-02 13:59:00,14:01,13:59,^NSEI,2026,4,2,3,13,59,1,22517.95,22531.8,22513.8,22530.35,0.0,22525.32,22292.19,18.0,0.0551,0.000542,68.89,1.45,4.15,1.0008,5,0,0,5,OK_NO_VOL,93.1
2026-04-02 14:02:00.145606,2026-04-02 14:00:00,14:02,14:00,^NSEI,2026,4,2,3,14,0,1,22529.45,22546.0,22528.2,22544.5,0.0,22539.57,22293.06,17.8,0.0668,0.000628,84.55,1.5,1.25,1.00079,6,0,0,5,OK_NO_VOL,145.2
2026-04-02 14:03:00.084260,2026-04-02 14:01:00,14:03,14:01,^NSEI,2026,4,2,3,14,1,1,22544.15,22550.75,22542.45,22544.3,0.0,22545.83,22293.94,8.3,0.0007,-9e-06,1.81,6.45,1.7,1.000368,6,0,0,5,OK_NO_VOL,83.8
2026-04-02 14:04:00.185677,2026-04-02 14:02:00,14:04,14:02,^NSEI,2026,4,2,3,14,2,1,22543.85,22544.25,22519.85,22539.8,0.0,22534.63,22294.77,24.4,-0.018,-0.0002,16.59,0.4,19.95,1.001084,6,0,0,5,OK_NO_VOL,185.3
2026-04-02 14:05:00.085050,2026-04-02 14:03:00,14:05,14:03,^NSEI,2026,4,2,3,14,3,1,22539.55,22547.9,22539.55,22544.55,0.0,22544.0,22295.63,8.35,0.0222,0.000211,59.88,3.35,0.0,1.00037,6,0,0,5,OK_NO_VOL,84.6
2026-04-02 14:06:00.098224,2026-04-02 14:04:00,14:06,14:04,^NSEI,2026,4,2,3,14,4,1,22543.8,22561.55,22542.55,22560.0,0.0,22554.7,22296.53,19.0,0.0719,0.000685,85.26,1.55,1.25,1.000843,6,0,0,5,OK_NO_VOL,97.8
2026-04-02 14:07:00.109511,2026-04-02 14:05:00,14:07,14:05,^NSEI,2026,4,2,3,14,5,1,22558.9,22561.35,22545.85,22549.1,0.0,22552.1,22297.41,15.5,-0.0434,-0.000483,63.23,2.45,3.25,1.000687,6,0,0,5,OK_NO_VOL,109.1
2026-04-02 14:08:00.107385,2026-04-02 14:06:00,14:08,14:06,^NSEI,2026,4,2,3,14,6,1,22547.95,22553.8,22547.15,22548.55,0.0,22549.83,22298.27,6.65,0.0027,-2.4e-05,9.05,5.25,0.8,1.000295,6,0,0,5,OK_NO_VOL,106.9
2026-04-02 14:09:00.083916,2026-04-02 14:07:00,14:09,14:07,^NSEI,2026,4,2,3,14,7,1,22547.1,22550.25,22537.85,22539.1,0.0,22542.4,22299.1,12.4,-0.0355,-0.000419,64.52,3.15,1.25,1.00055,6,0,0,5,OK_NO_VOL,83.5
2026-04-02 14:10:00.098825,2026-04-02 14:08:00,14:10,14:08,^NSEI,2026,4,2,3,14,8,1,22539.05,22571.8,22537.3,22558.7,0.0,22555.93,22299.98,34.5,0.0872,0.000869,56.95,13.1,1.75,1.001531,6,0,0,5,OK_NO_VOL,98.4
2026-04-02 14:11:00.084779,2026-04-02 14:09:00,14:11,14:09,^NSEI,2026,4,2,3,14,9,1,22558.5,22569.05,22556.95,22567.95,0.0,22564.65,22300.87,12.1,0.0419,0.00041,78.09,1.1,1.55,1.000536,6,0,0,5,OK_NO_VOL,84.3
2026-04-02 14:12:00.106806,2026-04-02 14:10:00,14:12,14:10,^NSEI,2026,4,2,3,14,10,1,22566.7,22586.6,22566.4,22584.1,0.0,22579.03,22301.81,20.2,0.0771,0.000715,86.14,2.5,0.3,1.000895,6,0,0,5,OK_NO_VOL,106.3
2026-04-02 14:13:00.089962,2026-04-02 14:11:00,14:13,14:11,^NSEI,2026,4,2,3,14,11,1,22584.85,22596.2,22584.45,22593.1,0.0,22591.25,22302.79,11.75,0.0365,0.000398,70.21,3.1,0.4,1.00052,6,0,0,5,OK_NO_VOL,89.5
2026-04-02 14:14:00.105829,2026-04-02 14:12:00,14:14,14:12,^NSEI,2026,4,2,3,14,12,1,22593.0,22607.45,22590.55,22607.45,0.0,22601.82,22303.79,16.9,0.064,0.000635,85.5,0.0,2.45,1.000748,6,0,0,5,OK_NO_VOL,105.4
2026-04-02 14:15:00.084353,2026-04-02 14:13:00,14:15,14:13,^NSEI,2026,4,2,3,14,13,1,22606.8,22628.25,22606.8,22628.25,0.0,22621.1,22304.85,21.45,0.0949,0.00092,100.0,0.0,0.0,1.000949,6,0,0,5,OK_NO_VOL,83.9
2026-04-02 14:16:00.137120,2026-04-02 14:14:00,14:16,14:14,^NSEI,2026,4,2,3,14,14,1,22627.85,22628.1,22614.4,22627.25,0.0,22623.25,22305.91,13.7,-0.0026,-4.4e-05,4.38,0.25,12.85,1.000606,6,0,0,5,OK_NO_VOL,136.7
2026-04-02 14:17:00.094406,2026-04-02 14:15:00,14:17,14:15,^NSEI,2026,4,2,3,14,15,1,22625.85,22651.5,22623.7,22648.9,0.0,22641.37,22307.03,27.8,0.1019,0.000956,82.92,2.6,2.15,1.001229,6,0,0,5,OK_NO_VOL,94.0
2026-04-02 14:18:00.175788,2026-04-02 14:16:00,14:18,14:16,^NSEI,2026,4,2,3,14,16,1,22650.35,22672.6,22641.25,22642.75,0.0,22652.2,22308.17,31.35,-0.0336,-0.000272,24.24,22.25,1.5,1.001385,6,0,0,5,OK_NO_VOL,175.3
2026-04-02 14:19:00.140806,2026-04-02 14:17:00,14:19,14:17,^NSEI,2026,4,2,3,14,17,1,22641.6,22647.9,22619.7,22631.25,0.0,22632.95,22309.24,28.2,-0.0457,-0.000508,36.7,6.3,11.55,1.001247,6,0,0,5,OK_NO_VOL,140.3
2026-04-02 14:20:00.105446,2026-04-02 14:18:00,14:20,14:18,^NSEI,2026,4,2,3,14,18,1,22630.3,22631.7,22620.15,22621.1,0.0,22624.32,22310.28,11.55,-0.0407,-0.000449,79.66,1.4,0.95,1.000511,6,0,0,5,OK_NO_VOL,105.0
2026-04-02 14:21:00.125629,2026-04-02 14:19:00,14:21,14:19,^NSEI,2026,4,2,3,14,19,1,22619.6,22658.6,22618.4,22651.95,0.0,22642.98,22311.37,40.2,0.143,0.001363,80.47,6.65,1.2,1.001777,6,0,0,5,OK_NO_VOL,125.2
2026-04-02 14:22:00.135177,2026-04-02 14:20:00,14:22,14:20,^NSEI,2026,4,2,3,14,20,1,22651.55,22658.4,22650.25,22655.8,0.0,22654.82,22312.49,8.15,0.0188,0.00017,52.15,2.6,1.3,1.00036,6,0,0,5,OK_NO_VOL,134.7
2026-04-02 14:23:00.093893,2026-04-02 14:21:00,14:23,14:21,^NSEI,2026,4,2,3,14,21,1,22654.65,22656.3,22643.7,22653.25,0.0,22651.08,22313.6,12.6,-0.0062,-0.000113,11.11,1.65,9.55,1.000557,6,0,0,5,OK_NO_VOL,93.5
2026-04-02 14:24:00.091541,2026-04-02 14:22:00,14:24,14:22,^NSEI,2026,4,2,3,14,22,1,22652.9,22654.95,22648.65,22652.2,0.0,22651.93,22314.7,6.3,-0.0031,-4.6e-05,11.13,2.05,3.55,1.000278,6,0,0,5,OK_NO_VOL,91.1
2026-04-02 14:25:00.196074,2026-04-02 14:23:00,14:25,14:23,^NSEI,2026,4,2,3,14,23,1,22651.1,22651.1,22637.75,22641.3,0.0,22643.38,22315.76,13.35,-0.0433,-0.000481,73.4,0.0,3.55,1.00059,6,0,0,5,OK_NO_VOL,195.6
2026-04-02 14:26:00.085057,2026-04-02 14:24:00,14:26,14:24,^NSEI,2026,4,2,3,14,24,1,22641.35,22675.25,22641.35,22673.85,0.0,22663.48,22316.88,33.9,0.1435,0.001437,95.87,1.4,0.0,1.001497,6,0,0,5,OK_NO_VOL,84.6
2026-04-02 14:27:00.105915,2026-04-02 14:25:00,14:27,14:25,^NSEI,2026,4,2,3,14,25,1,22672.55,22684.3,22666.9,22666.9,0.0,22672.7,22318.02,17.4,-0.0249,-0.000307,32.47,11.75,0.0,1.000768,6,0,0,5,OK_NO_VOL,105.5
2026-04-02 14:28:00.090913,2026-04-02 14:26:00,14:28,14:26,^NSEI,2026,4,2,3,14,26,1,22666.7,22666.7,22646.0,22647.4,0.0,22653.37,22319.1,20.7,-0.0851,-0.000861,93.23,0.0,1.4,1.000914,6,0,0,5,OK_NO_VOL,90.5
2026-04-02 14:29:00.107355,2026-04-02 14:27:00,14:29,14:27,^NSEI,2026,4,2,3,14,27,1,22645.85,22672.65,22645.85,22671.8,0.0,22663.43,22320.2,26.8,0.1146,0.001077,96.83,0.85,0.0,1.001183,6,0,0,5,OK_NO_VOL,106.9
2026-04-02 14:30:00.095404,2026-04-02 14:28:00,14:30,14:28,^NSEI,2026,4,2,3,14,28,1,22671.6,22676.85,22668.9,22676.6,0.0,22674.12,22321.33,7.95,0.0221,0.000212,62.89,0.25,2.7,1.000351,6,0,0,5,OK_NO_VOL,94.9
2026-04-02 14:31:00.108150,2026-04-02 14:29:00,14:31,14:29,^NSEI,2026,4,2,3,14,29,1,22675.75,22676.05,22665.05,22665.65,0.0,22668.92,22322.43,11.0,-0.0445,-0.000483,91.81,0.3,0.6,1.000485,6,0,0,5,OK_NO_VOL,107.4
2026-04-02 14:32:00.083695,2026-04-02 14:30:00,14:32,14:30,^NSEI,2026,4,2,3,14,30,1,22665.55,22671.45,22656.6,22669.2,0.0,22665.75,22323.52,14.85,0.0161,0.000157,24.57,2.25,8.95,1.000655,6,0,0,5,OK_NO_VOL,83.2
2026-04-02 14:33:00.105636,2026-04-02 14:31:00,14:33,14:31,^NSEI,2026,4,2,3,14,31,1,22667.75,22691.8,22667.1,22674.05,0.0,22677.65,22324.63,24.7,0.0278,0.000214,25.51,17.75,0.65,1.00109,6,0,0,5,OK_NO_VOL,105.2
2026-04-02 14:34:00.118323,2026-04-02 14:32:00,14:34,14:32,^NSEI,2026,4,2,3,14,32,1,22674.4,22688.8,22671.95,22685.6,0.0,22682.12,22325.76,16.85,0.0494,0.000509,66.46,3.2,2.45,1.000743,6,0,0,5,OK_NO_VOL,117.9
2026-04-02 14:35:00.105518,2026-04-02 14:33:00,14:35,14:33,^NSEI,2026,4,2,3,14,33,1,22687.15,22702.75,22686.6,22702.5,0.0,22697.28,22326.92,16.15,0.0677,0.000745,95.04,0.25,0.55,1.000712,6,0,0,5,OK_NO_VOL,105.0
2026-04-02 14:36:00.086322,2026-04-02 14:34:00,14:36,14:34,^NSEI,2026,4,2,3,14,34,1,22701.65,22706.0,22679.5,22689.15,0.0,22691.55,22328.06,26.5,-0.0551,-0.000588,47.17,4.35,9.65,1.001168,6,0,0,5,OK_NO_VOL,85.9
2026-04-02 14:37:00.088310,2026-04-02 14:35:00,14:37,14:35,^NSEI,2026,4,2,3,14,35,1,22690.35,22694.5,22678.9,22686.85,0.0,22686.75,22329.18,15.6,-0.0154,-0.000101,22.44,4.15,7.95,1.000688,6,0,0,5,OK_NO_VOL,87.9
2026-04-02 14:38:00.167556,2026-04-02 14:36:00,14:38,14:36,^NSEI,2026,4,2,3,14,36,1,22686.8,22689.35,22662.5,22664.4,0.0,22672.08,22330.24,26.85,-0.0987,-0.00099,83.43,2.55,1.9,1.001185,6,0,0,5,OK_NO_VOL,167.0
2026-04-02 14:39:00.106662,2026-04-02 14:37:00,14:39,14:37,^NSEI,2026,4,2,3,14,37,1,22663.9,22665.05,22629.3,22629.3,0.0,22641.22,22331.21,35.75,-0.1527,-0.00155,96.78,1.15,0.0,1.00158,6,0,0,5,OK_NO_VOL,106.2
2026-04-02 14:40:00.095120,2026-04-02 14:38:00,14:40,14:38,^NSEI,2026,4,2,3,14,38,1,22631.85,22644.5,22620.95,22629.5,0.0,22631.65,22332.13,23.55,-0.0104,9e-06,9.98,12.65,8.55,1.001041,6,0,0,5,OK_NO_VOL,94.7
2026-04-02 14:41:00.104352,2026-04-02 14:39:00,14:41,14:39,^NSEI,2026,4,2,3,14,39,1,22629.05,22636.95,22624.8,22629.15,0.0,22630.3,22333.05,12.15,0.0004,-1.5e-05,0.82,7.8,4.25,1.000537,6,0,0,5,OK_NO_VOL,103.9
2026-04-02 14:42:00.109752,2026-04-02 14:40:00,14:42,14:40,^NSEI,2026,4,2,3,14,40,1,22630.85,22639.6,22620.6,22620.6,0.0,22626.93,22333.95,19.0,-0.0453,-0.000378,53.95,8.75,0.0,1.00084,6,0,0,5,OK_NO_VOL,109.3
2026-04-02 14:43:00.084891,2026-04-02 14:41:00,14:43,14:41,^NSEI,2026,4,2,3,14,41,1,22618.6,22618.6,22594.15,22604.75,0.0,22605.83,22334.78,24.45,-0.0612,-0.000701,56.64,0.0,10.6,1.001082,6,0,0,5,OK_NO_VOL,84.4
2026-04-02 14:44:00.094630,2026-04-02 14:42:00,14:44,14:42,^NSEI,2026,4,2,3,14,42,1,22604.15,22609.3,22595.35,22600.85,0.0,22601.83,22335.6,13.95,-0.0146,-0.000173,23.66,5.15,5.5,1.000617,6,0,0,5,OK_NO_VOL,94.2
2026-04-02 14:45:00.105632,2026-04-02 14:43:00,14:45,14:43,^NSEI,2026,4,2,3,14,43,1,22601.9,22603.2,22572.85,22591.15,0.0,22589.07,22336.37,30.35,-0.0476,-0.000429,35.42,1.3,18.3,1.001345,6,0,0,5,OK_NO_VOL,105.2
2026-04-02 14:46:00.137914,2026-04-02 14:44:00,14:46,14:44,^NSEI,2026,4,2,3,14,44,1,22588.7,22591.25,22576.25,22584.6,0.0,22584.03,22337.12,15.0,-0.0181,-0.00029,27.33,2.55,8.35,1.000664,6,0,0,5,OK_NO_VOL,137.5
2026-04-02 14:47:00.104539,2026-04-02 14:45:00,14:47,14:45,^NSEI,2026,4,2,3,14,45,1,22584.4,22594.15,22569.15,22594.15,0.0,22585.82,22337.87,25.0,0.0432,0.000423,39.0,0.0,15.25,1.001108,6,0,0,5,OK_NO_VOL,104.1
2026-04-02 14:48:00.148123,2026-04-02 14:46:00,14:48,14:46,^NSEI,2026,4,2,3,14,46,1,22596.15,22634.95,22596.15,22633.7,0.0,22621.6,22338.73,38.8,0.1662,0.001749,96.78,1.25,0.0,1.001717,6,0,0,5,OK_NO_VOL,147.6
2026-04-02 14:49:00.105770,2026-04-02 14:47:00,14:49,14:47,^NSEI,2026,4,2,3,14,47,1,22633.35,22633.5,22595.35,22618.25,0.0,22615.7,22339.56,38.15,-0.0667,-0.000683,39.58,0.15,22.9,1.001688,6,0,0,5,OK_NO_VOL,105.3
2026-04-02 14:50:00.138534,2026-04-02 14:48:00,14:50,14:48,^NSEI,2026,4,2,3,14,48,1,22617.45,22632.8,22607.35,22632.3,0.0,22624.15,22340.41,25.45,0.0657,0.000621,58.36,0.5,10.1,1.001126,6,0,0,5,OK_NO_VOL,138.1
2026-04-02 14:51:00.186481,2026-04-02 14:49:00,14:51,14:49,^NSEI,2026,4,2,3,14,49,1,22632.65,22632.9,22614.35,22615.5,0.0,22620.92,22341.25,18.55,-0.0758,-0.000743,92.45,0.25,1.15,1.00082,6,0,0,5,OK_NO_VOL,186.0
2026-04-02 14:52:00.169688,2026-04-02 14:50:00,14:52,14:50,^NSEI,2026,4,2,3,14,50,1,22614.9,22639.35,22609.9,22636.35,0.0,22628.53,22342.1,29.45,0.0948,0.000921,72.83,3.0,5.0,1.001302,6,0,0,5,OK_NO_VOL,169.2
2026-04-02 14:53:00.205163,2026-04-02 14:51:00,14:53,14:51,^NSEI,2026,4,2,3,14,51,1,22637.0,22661.95,22636.35,22659.0,0.0,22652.43,22343.02,25.6,0.0972,0.001,85.94,2.95,0.65,1.001131,6,0,0,5,OK_NO_VOL,204.7
2026-04-02 14:54:00.191364,2026-04-02 14:52:00,14:54,14:52,^NSEI,2026,4,2,3,14,52,1,22658.95,22661.5,22646.45,22646.45,0.0,22651.47,22343.94,15.05,-0.0552,-0.000554,83.06,2.55,0.0,1.000665,6,0,0,5,OK_NO_VOL,190.9
2026-04-02 14:55:00.181755,2026-04-02 14:53:00,14:55,14:53,^NSEI,2026,4,2,3,14,53,1,22646.5,22663.6,22640.35,22654.4,0.0,22652.78,22344.85,23.25,0.0349,0.000351,33.98,9.2,6.15,1.001027,6,0,0,5,OK_NO_VOL,181.3
2026-04-02 14:56:00.166203,2026-04-02 14:54:00,14:56,14:54,^NSEI,2026,4,2,3,14,54,1,22654.45,22662.4,22649.8,22659.55,0.0,22657.25,22345.77,12.6,0.0225,0.000227,40.49,2.85,4.65,1.000556,6,0,0,5,OK_NO_VOL,165.8
2026-04-02 14:57:00.136157,2026-04-02 14:55:00,14:57,14:55,^NSEI,2026,4,2,3,14,55,1,22659.1,22662.5,22653.45,22660.15,0.0,22658.7,22346.68,9.05,0.0046,2.6e-05,11.61,2.35,5.65,1.0004,6,0,0,5,OK_NO_VOL,135.6
2026-04-02 14:58:00.129803,2026-04-02 14:56:00,14:58,14:56,^NSEI,2026,4,2,3,14,56,1,22661.1,22664.7,22656.6,22657.25,0.0,22659.52,22347.6,8.1,-0.017,-0.000128,47.53,3.6,0.65,1.000357,6,0,0,5,OK_NO_VOL,129.4
2026-04-02 14:59:00.166545,2026-04-02 14:57:00,14:59,14:57,^NSEI,2026,4,2,3,14,57,1,22658.75,22665.0,22641.65,22662.05,0.0,22656.23,22348.5,23.35,0.0146,0.000212,14.14,2.95,17.1,1.001031,6,0,0,5,OK_NO_VOL,166.0
2026-04-02 15:00:00.107668,2026-04-02 14:58:00,15:00,14:58,^NSEI,2026,4,2,3,14,58,1,22662.9,22663.05,22649.75,22662.45,0.0,22658.42,22349.4,13.3,-0.002,1.8e-05,3.39,0.15,12.7,1.000587,6,0,0,5,OK_NO_VOL,107.2
2026-04-02 15:01:00.105377,2026-04-02 14:59:00,15:01,14:59,^NSEI,2026,4,2,3,14,59,1,22661.3,22667.15,22650.1,22656.8,0.0,22658.02,22350.29,17.05,-0.0199,-0.000249,26.39,5.85,6.7,1.000753,6,0,0,5,OK_NO_VOL,104.9
2026-04-02 15:02:00.127267,2026-04-02 15:00:00,15:02,15:00,^NSEI,2026,4,2,3,15,0,1,22658.3,22691.4,22658.3,22687.25,0.0,22678.98,22351.24,33.1,0.1278,0.001343,87.46,4.15,0.0,1.001461,6,0,0,5,OK_NO_VOL,126.8
2026-04-02 15:03:00.107381,2026-04-02 15:01:00,15:03,15:01,^NSEI,2026,4,2,3,15,1,1,22688.35,22697.35,22676.75,22684.65,0.0,22686.25,22352.21,20.6,-0.0163,-0.000115,17.96,9.0,7.9,1.000908,6,0,0,5,OK_NO_VOL,106.9
2026-04-02 15:04:00.099117,2026-04-02 15:02:00,15:04,15:02,^NSEI,2026,4,2,3,15,2,1,22682.7,22690.75,22663.55,22664.35,0.0,22672.88,22353.13,27.2,-0.0809,-0.000895,67.46,8.05,0.8,1.0012,6,0,0,5,OK_NO_VOL,98.6
2026-04-02 15:05:00.148950,2026-04-02 15:03:00,15:05,15:03,^NSEI,2026,4,2,3,15,3,1,22663.95,22672.0,22650.8,22670.4,0.0,22664.4,22354.02,21.2,0.0285,0.000267,30.43,1.6,13.15,1.000936,6,0,0,5,OK_NO_VOL,148.5
2026-04-02 15:06:00.157753,2026-04-02 15:04:00,15:06,15:04,^NSEI,2026,4,2,3,15,4,1,22668.9,22692.5,22668.9,22688.75,0.0,22683.38,22354.96,23.6,0.0876,0.000809,84.11,3.75,0.0,1.001041,6,0,0,5,OK_NO_VOL,157.3
2026-04-02 15:07:00.177499,2026-04-02 15:05:00,15:07,15:05,^NSEI,2026,4,2,3,15,5,1,22689.85,22699.85,22686.95,22695.45,0.0,22694.08,22355.93,12.9,0.0247,0.000295,43.41,4.4,2.9,1.000569,6,0,0,5,OK_NO_VOL,177.0
2026-04-02 15:08:00.185850,2026-04-02 15:06:00,15:08,15:06,^NSEI,2026,4,2,3,15,6,1,22694.8,22706.3,22692.8,22692.8,0.0,22697.3,22356.9,13.5,-0.0088,-0.000117,14.81,11.5,0.0,1.000595,6,0,0,5,OK_NO_VOL,185.4
2026-04-02 15:09:00.175673,2026-04-02 15:07:00,15:09,15:07,^NSEI,2026,4,2,3,15,7,1,22693.0,22732.3,22693.0,22724.1,0.0,22716.47,22357.92,39.3,0.137,0.001378,79.13,8.2,0.0,1.001732,6,0,0,5,OK_NO_VOL,175.2
2026-04-02 15:10:00.166487,2026-04-02 15:08:00,15:10,15:08,^NSEI,2026,4,2,3,15,8,1,22721.8,22731.75,22710.2,22730.35,0.0,22724.1,22358.95,21.55,0.0376,0.000275,39.67,1.4,11.6,1.000949,6,0,0,5,OK_NO_VOL,166.0
2026-04-02 15:11:00.186725,2026-04-02 15:09:00,15:11,15:09,^NSEI,2026,4,2,3,15,9,1,22732.1,22747.05,22732.1,22746.65,0.0,22741.93,22360.03,14.95,0.064,0.000717,97.33,0.4,0.0,1.000658,6,0,0,5,OK_NO_VOL,186.2
2026-04-02 15:12:00.226685,2026-04-02 15:10:00,15:12,15:10,^NSEI,2026,4,2,3,15,10,1,22747.9,22755.9,22740.25,22746.25,0.0,22747.47,22361.12,15.65,-0.0073,-1.8e-05,10.55,8.0,6.0,1.000688,6,0,0,5,OK_NO_VOL,226.2
2026-04-02 15:13:00.167650,2026-04-02 15:11:00,15:13,15:11,^NSEI,2026,4,2,3,15,11,1,22746.0,22758.8,22741.45,22747.1,0.0,22749.12,22362.21,17.35,0.0048,3.7e-05,6.34,11.7,4.55,1.000763,6,0,0,5,OK_NO_VOL,166.3
2026-04-02 15:14:00.155257,2026-04-02 15:12:00,15:14,15:12,^NSEI,2026,4,2,3,15,12,1,22749.35,22753.25,22743.35,22744.9,0.0,22747.17,22363.28,9.9,-0.0196,-9.7e-05,44.94,3.9,1.55,1.000435,6,0,0,5,OK_NO_VOL,154.8
2026-04-02 15:15:00.107641,2026-04-02 15:13:00,15:15,15:13,^NSEI,2026,4,2,3,15,13,1,22745.5,22747.5,22733.5,22743.75,0.0,22741.58,22364.33,14.0,-0.0077,-5.1e-05,12.5,2.0,10.25,1.000616,6,0,0,5,OK_NO_VOL,107.2
2026-04-02 15:16:00.115126,2026-04-02 15:14:00,15:16,15:14,^NSEI,2026,4,2,3,15,14,1,22744.35,22761.45,22744.35,22760.4,0.0,22755.4,22365.42,17.1,0.0706,0.000732,93.86,1.05,0.0,1.000752,6,0,0,5,OK_NO_VOL,114.7
2026-04-02 15:17:00.105150,2026-04-02 15:15:00,15:17,15:15,^NSEI,2026,4,2,3,15,15,1,22761.95,22770.6,22754.45,22766.5,0.0,22763.85,22366.52,16.15,0.02,0.000268,28.18,4.1,7.5,1.00071,6,0,0,5,OK_NO_VOL,104.7
2026-04-02 15:18:00.168711,2026-04-02 15:16:00,15:18,15:16,^NSEI,2026,4,2,3,15,16,1,22768.9,22781.95,22766.95,22766.95,0.0,22771.95,22367.64,15.0,-0.0086,2e-05,13.01,13.05,0.0,1.000659,6,0,0,5,OK_NO_VOL,168.2
2026-04-02 15:19:00.188299,2026-04-02 15:17:00,15:19,15:17,^NSEI,2026,4,2,3,15,17,1,22770.0,22771.9,22748.5,22748.5,0.0,22756.3,22368.72,23.4,-0.0944,-0.000811,91.88,1.9,0.0,1.001029,6,0,0,5,OK_NO_VOL,187.7
2026-04-02 15:20:00.090129,2026-04-02 15:18:00,15:20,15:18,^NSEI,2026,4,2,3,15,18,1,22749.15,22754.85,22736.35,22736.35,0.0,22742.52,22369.74,18.5,-0.0563,-0.000534,69.19,5.7,0.0,1.000814,6,0,0,5,OK_NO_VOL,89.7
2026-04-02 15:21:00.126476,2026-04-02 15:19:00,15:21,15:19,^NSEI,2026,4,2,3,15,19,1,22736.25,22744.2,22715.6,22718.15,0.0,22725.98,22370.72,28.6,-0.0796,-0.000801,63.29,7.95,2.55,1.001259,6,0,0,5,OK_NO_VOL,126.0
2026-04-02 15:22:00.095545,2026-04-02 15:20:00,15:22,15:20,^NSEI,2026,4,2,3,15,20,1,22717.65,22721.05,22673.6,22692.6,0.0,22695.75,22371.61,47.45,-0.1103,-0.001125,52.79,3.4,19.0,1.002093,6,0,0,5,OK_NO_VOL,95.0
2026-04-02 15:23:00.115437,2026-04-02 15:21:00,15:23,15:21,^NSEI,2026,4,2,3,15,21,1,22692.5,22724.35,22692.5,22713.7,0.0,22710.18,22372.53,31.85,0.0934,0.000929,66.56,10.65,0.0,1.001404,6,0,0,5,OK_NO_VOL,114.9
2026-04-02 15:24:00.165991,2026-04-02 15:22:00,15:24,15:22,^NSEI,2026,4,2,3,15,22,1,22712.1,22713.05,22699.45,22702.75,0.0,22705.08,22373.43,13.6,-0.0412,-0.000482,68.75,0.95,3.3,1.000599,6,0,0,5,OK_NO_VOL,165.6
2026-04-02 15:25:00.124789,2026-04-02 15:23:00,15:25,15:23,^NSEI,2026,4,2,3,15,23,1,22705.15,22707.85,22690.9,22692.3,0.0,22697.02,22374.31,16.95,-0.0566,-0.00046,75.81,2.7,1.4,1.000747,6,0,0,5,OK_NO_VOL,124.3
2026-04-02 15:26:00.129247,2026-04-02 15:24:00,15:26,15:24,^NSEI,2026,4,2,3,15,24,1,22693.0,22696.05,22687.35,22689.15,0.0,22690.85,22375.17,8.7,-0.017,-0.000139,44.25,3.05,1.8,1.000384,6,0,0,5,OK_NO_VOL,128.9
2026-04-02 15:27:00.189148,2026-04-02 15:25:00,15:27,15:25,^NSEI,2026,4,2,3,15,25,1,22690.45,22696.3,22678.5,22692.25,0.0,22689.02,22376.01,17.8,0.0079,0.000137,10.12,4.05,11.95,1.000785,6,0,0,5,OK_NO_VOL,188.7
2026-04-02 15:28:00.130054,2026-04-02 15:26:00,15:28,15:26,^NSEI,2026,4,2,3,15,26,1,22694.1,22710.65,22694.1,22710.45,0.0,22705.07,22376.9,16.55,0.072,0.000802,98.79,0.2,0.0,1.000729,6,0,0,5,OK_NO_VOL,129.6
2026-04-02 15:29:00.084351,2026-04-02 15:27:00,15:29,15:27,^NSEI,2026,4,2,3,15,27,1,22711.5,22711.5,22696.4,22703.0,0.0,22703.63,22377.77,15.1,-0.0374,-0.000328,56.29,0.0,6.6,1.000665,6,0,0,5,OK_NO_VOL,83.9
